App 1442129 output: Traceback (most recent call last):
App 1442129 output:   File "/opt/passenger/src/helper-scripts/wsgi-loader.py", line 384, in <module>
App 1442129 output:     app_module = load_app()
App 1442129 output:   File "/opt/passenger/src/helper-scripts/wsgi-loader.py", line 88, in load_app
App 1442129 output:     spec.loader.exec_module(app_module)
App 1442129 output:   File "<frozen importlib._bootstrap_external>", line 846, in exec_module
App 1442129 output:   File "<frozen importlib._bootstrap_external>", line 983, in get_code
App 1442129 output:   File "<frozen importlib._bootstrap_external>", line 913, in source_to_code
App 1442129 output:   File "<frozen importlib._bootstrap>", line 228, in _call_with_frames_removed
App 1442129 output:   File "/home/solusiad/domains/api-nes.solusi-advertising.biz.id/public_html/passenger_wsgi.py", line 9
App 1442129 output:     application = wsgi.app:app
App 1442129 output:                           ^
App 1442129 output: SyntaxError: invalid syntax
App 1442351 output: Traceback (most recent call last):
App 1442351 output:   File "/opt/passenger/src/helper-scripts/wsgi-loader.py", line 384, in <module>
App 1442351 output:     
App 1442351 output: app_module = load_app()
App 1442351 output:   File "/opt/passenger/src/helper-scripts/wsgi-loader.py", line 88, in load_app
App 1442351 output:     spec.loader.exec_module(app_module)
App 1442351 output: 
App 1442351 output:   File "<frozen importlib._bootstrap_external>", line 846, in exec_module
App 1442351 output:   File "<frozen importlib._bootstrap_external>", line 983, in get_code
App 1442351 output:   File "<frozen importlib._bootstrap_external>", line 913, in source_to_code
App 1442351 output:   File "<frozen importlib._bootstrap>", line 228, in _call_with_frames_removed
App 1442351 output:   File "/home/solusiad/domains/api-nes.solusi-advertising.biz.id/public_html/passenger_wsgi.py", line 9
App 1442351 output:     application = wsgi.app:app
App 1442351 output:            
App 1442351 output:                ^
App 1442351 output: SyntaxError: invalid syntax
App 1442351 output: 
App 1442586 output: Traceback (most recent call last):
App 1442586 output:   File "/opt/passenger/src/helper-scripts/wsgi-loader.py", line 384, in <module>
App 1442586 output:     
App 1442586 output: app_module = load_app()
App 1442586 output:   File "/opt/passenger/src/helper-scripts/wsgi-loader.py", line 88, in load_app
App 1442586 output:     
App 1442586 output: spec.loader.exec_module(app_module)
App 1442586 output:   File "<frozen importlib._bootstrap_external>", line 846, in exec_module
App 1442586 output:   File "<frozen importlib._bootstrap_external>", line 983, in get_code
App 1442586 output:   File "<frozen importlib._bootstrap_external>", line 913, in source_to_code
App 1442586 output:   File "<frozen importlib._bootstrap>", line 228, in _call_with_frames_removed
App 1442586 output:   File "/home/solusiad/domains/api-nes.solusi-advertising.biz.id/public_html/passenger_wsgi.py", line 9
App 1442586 output:     application = wsgi.app:app
App 1442586 output:                
App 1442586 output:            ^
App 1442586 output: SyntaxError: invalid syntax
App 1442890 output: Traceback (most recent call last):
App 1442890 output:   File "/opt/passenger/src/helper-scripts/wsgi-loader.py", line 384, in <module>
App 1442890 output:     
App 1442890 output: app_module = load_app()
App 1442890 output:   File "/opt/passenger/src/helper-scripts/wsgi-loader.py", line 88, in load_app
App 1442890 output:     
App 1442890 output: spec.loader.exec_module(app_module)
App 1442890 output:   File "<frozen importlib._bootstrap_external>", line 846, in exec_module
App 1442890 output:   File "<frozen importlib._bootstrap_external>", line 983, in get_code
App 1442890 output:   File "<frozen importlib._bootstrap_external>", line 913, in source_to_code
App 1442890 output:   File "<frozen importlib._bootstrap>", line 228, in _call_with_frames_removed
App 1442890 output:   File "/home/solusiad/domains/api-nes.solusi-advertising.biz.id/public_html/passenger_wsgi.py", line 9
App 1442890 output:     application = wsgi.app:app
App 1442890 output:                        
App 1442890 output:    ^
App 1442890 output: SyntaxError: invalid syntax
App 1450605 output: Traceback (most recent call last):
App 1450605 output:   File "/opt/passenger/src/helper-scripts/wsgi-loader.py", line 384, in <module>
App 1450605 output:     app_module = load_app()
App 1450605 output:   File "/opt/passenger/src/helper-scripts/wsgi-loader.py", line 88, in load_app
App 1450605 output:     
App 1450605 output: spec.loader.exec_module(app_module)
App 1450605 output:   File "<frozen importlib._bootstrap_external>", line 850, in exec_module
App 1450605 output:   File "<frozen importlib._bootstrap>", line 228, in _call_with_frames_removed
App 1450605 output:   File "/home/solusiad/domains/api-nes.solusi-advertising.biz.id/public_html/passenger_wsgi.py", line 3, in <module>
App 1450605 output:     
App 1450605 output: from wsgi import app as application
App 1450605 output:   File "/home/solusiad/domains/api-nes.solusi-advertising.biz.id/public_html/wsgi.py", line 1, in <module>
App 1450605 output:     
App 1450605 output: from app import create_app
App 1450605 output:   File "/home/solusiad/domains/api-nes.solusi-advertising.biz.id/public_html/app/__init__.py", line 1, in <module>
App 1450605 output:     
App 1450605 output: from flask import Flask
App 1450605 output: ModuleNotFoundError: No module named 'flask'
App 1451027 output: Traceback (most recent call last):
App 1451027 output:   File "/opt/passenger/src/helper-scripts/wsgi-loader.py", line 384, in <module>
App 1451027 output:     
App 1451027 output: app_module = load_app()
App 1451027 output:   File "/opt/passenger/src/helper-scripts/wsgi-loader.py", line 88, in load_app
App 1451027 output:     
App 1451027 output: spec.loader.exec_module(app_module)
App 1451027 output:   File "<frozen importlib._bootstrap_external>", line 850, in exec_module
App 1451027 output:   File "<frozen importlib._bootstrap>", line 228, in _call_with_frames_removed
App 1451027 output:   File "/home/solusiad/domains/api-nes.solusi-advertising.biz.id/public_html/passenger_wsgi.py", line 3, in <module>
App 1451027 output:     
App 1451027 output: from wsgi import app as application
App 1451027 output:   File "/home/solusiad/domains/api-nes.solusi-advertising.biz.id/public_html/wsgi.py", line 1, in <module>
App 1451027 output:     from app import create_app
App 1451027 output: 
App 1451027 output:   File "/home/solusiad/domains/api-nes.solusi-advertising.biz.id/public_html/app/__init__.py", line 1, in <module>
App 1451027 output:     
App 1451027 output: from flask import Flask
App 1451027 output: ModuleNotFoundError: No module named 'flask'
App 1451295 output: Traceback (most recent call last):
App 1451295 output:   File "/opt/passenger/src/helper-scripts/wsgi-loader.py", line 384, in <module>
App 1451295 output:     
App 1451295 output: app_module = load_app()
App 1451295 output:   File "/opt/passenger/src/helper-scripts/wsgi-loader.py", line 88, in load_app
App 1451295 output:     
App 1451295 output: spec.loader.exec_module(app_module)
App 1451295 output:   File "<frozen importlib._bootstrap_external>", line 850, in exec_module
App 1451295 output:   File "<frozen importlib._bootstrap>", line 228, in _call_with_frames_removed
App 1451295 output:   File "/home/solusiad/domains/api-nes.solusi-advertising.biz.id/public_html/passenger_wsgi.py", line 3, in <module>
App 1451295 output:     
App 1451295 output: from wsgi import app as application
App 1451295 output:   File "/home/solusiad/domains/api-nes.solusi-advertising.biz.id/public_html/wsgi.py", line 1, in <module>
App 1451295 output:     
App 1451295 output: from app import create_app
App 1451295 output:   File "/home/solusiad/domains/api-nes.solusi-advertising.biz.id/public_html/app/__init__.py", line 1, in <module>
App 1451295 output:     
App 1451295 output: from flask import Flask
App 1451295 output: ModuleNotFoundError: No module named 'flask'
App 1451295 output: 
App 1453628 output: Traceback (most recent call last):
App 1453628 output:   File "/opt/passenger/src/helper-scripts/wsgi-loader.py", line 384, in <module>
App 1453628 output:     
App 1453628 output: app_module = load_app()
App 1453628 output:   File "/opt/passenger/src/helper-scripts/wsgi-loader.py", line 88, in load_app
App 1453628 output:     
App 1453628 output: spec.loader.exec_module(app_module)
App 1453628 output:   File "<frozen importlib._bootstrap_external>", line 850, in exec_module
App 1453628 output:   File "<frozen importlib._bootstrap>", line 228, in _call_with_frames_removed
App 1453628 output:   File "/home/solusiad/domains/api-nes.solusi-advertising.biz.id/public_html/passenger_wsgi.py", line 3, in <module>
App 1453628 output:     
App 1453628 output: from wsgi import app as application
App 1453628 output:   File "/home/solusiad/domains/api-nes.solusi-advertising.biz.id/public_html/wsgi.py", line 1, in <module>
App 1453628 output:     
App 1453628 output: from app import create_app
App 1453628 output:   File "/home/solusiad/domains/api-nes.solusi-advertising.biz.id/public_html/app/__init__.py", line 1, in <module>
App 1453628 output:     
App 1453628 output: from flask import Flask
App 1453628 output: ModuleNotFoundError: No module named 'flask'
App 1453795 output: Traceback (most recent call last):
App 1453795 output:   File "/opt/passenger/src/helper-scripts/wsgi-loader.py", line 384, in <module>
App 1453795 output:     
App 1453795 output: app_module = load_app()
App 1453795 output:   File "/opt/passenger/src/helper-scripts/wsgi-loader.py", line 88, in load_app
App 1453795 output:     
App 1453795 output: spec.loader.exec_module(app_module)
App 1453795 output:   File "<frozen importlib._bootstrap_external>", line 850, in exec_module
App 1453795 output:   File "<frozen importlib._bootstrap>", line 228, in _call_with_frames_removed
App 1453795 output:   File "/home/solusiad/domains/api-nes.solusi-advertising.biz.id/public_html/passenger_wsgi.py", line 3, in <module>
App 1453795 output:     
App 1453795 output: from wsgi import app as application
App 1453795 output:   File "/home/solusiad/domains/api-nes.solusi-advertising.biz.id/public_html/wsgi.py", line 1, in <module>
App 1453795 output:     
App 1453795 output: from app import create_app
App 1453795 output:   File "/home/solusiad/domains/api-nes.solusi-advertising.biz.id/public_html/app/__init__.py", line 1, in <module>
App 1453795 output:     
App 1453795 output: from flask import Flask
App 1453795 output: ModuleNotFoundError: No module named 'flask'
App 1675146 output: Traceback (most recent call last):
App 1675146 output:   File "/opt/passenger/src/helper-scripts/wsgi-loader.py", line 384, in <module>
App 1675146 output:     
App 1675146 output: app_module = load_app()
App 1675146 output:   File "/opt/passenger/src/helper-scripts/wsgi-loader.py", line 88, in load_app
App 1675146 output:     
App 1675146 output: spec.loader.exec_module(app_module)
App 1675146 output:   File "<frozen importlib._bootstrap_external>", line 846, in exec_module
App 1675146 output:   File "<frozen importlib._bootstrap_external>", line 983, in get_code
App 1675146 output:   File "<frozen importlib._bootstrap_external>", line 913, in source_to_code
App 1675146 output:   File "<frozen importlib._bootstrap>", line 228, in _call_with_frames_removed
App 1675146 output:   File "/home/bizpromy/domains/api-nes.bizpro.my.id/public_html/passenger_wsgi.py", line 9
App 1675146 output:     application = wsgi.app:app
App 1675146 output:         
App 1675146 output:               
App 1675146 output:     ^
App 1675146 output: SyntaxError: 
App 1675146 output: invalid syntax
App 1675391 output: Traceback (most recent call last):
App 1675391 output:   File "/opt/passenger/src/helper-scripts/wsgi-loader.py", line 384, in <module>
App 1675391 output:     
App 1675391 output: app_module = load_app()
App 1675391 output:   File "/opt/passenger/src/helper-scripts/wsgi-loader.py", line 88, in load_app
App 1675391 output:     
App 1675391 output: spec.loader.exec_module(app_module)
App 1675391 output:   File "<frozen importlib._bootstrap_external>", line 846, in exec_module
App 1675391 output:   File "<frozen importlib._bootstrap_external>", line 983, in get_code
App 1675391 output:   File "<frozen importlib._bootstrap_external>", line 913, in source_to_code
App 1675391 output:   File "<frozen importlib._bootstrap>", line 228, in _call_with_frames_removed
App 1675391 output:   File "/home/bizpromy/domains/api-nes.bizpro.my.id/public_html/passenger_wsgi.py", line 9
App 1675391 output:     application = wsgi.app:app
App 1675391 output:                
App 1675391 output:            ^
App 1675391 output: SyntaxError: invalid syntax
App 1675621 output: Traceback (most recent call last):
App 1675621 output:   File "/opt/passenger/src/helper-scripts/wsgi-loader.py", line 384, in <module>
App 1675621 output:     
App 1675621 output: app_module = load_app()
App 1675621 output:   File "/opt/passenger/src/helper-scripts/wsgi-loader.py", line 88, in load_app
App 1675621 output:     
App 1675621 output: spec.loader.exec_module(app_module)
App 1675621 output:   File "<frozen importlib._bootstrap_external>", line 846, in exec_module
App 1675621 output:   File "<frozen importlib._bootstrap_external>", line 983, in get_code
App 1675621 output:   File "<frozen importlib._bootstrap_external>", line 913, in source_to_code
App 1675621 output:   File "<frozen importlib._bootstrap>", line 228, in _call_with_frames_removed
App 1675621 output:   File "/home/bizpromy/domains/api-nes.bizpro.my.id/public_html/passenger_wsgi.py", line 9
App 1675621 output:     application = wsgi.app:app
App 1675621 output:                
App 1675621 output:            ^
App 1675621 output: SyntaxError: invalid syntax
App 1675904 output: Traceback (most recent call last):
App 1675904 output:   File "/opt/passenger/src/helper-scripts/wsgi-loader.py", line 384, in <module>
App 1675904 output:     
App 1675904 output: app_module = load_app()
App 1675904 output:   File "/opt/passenger/src/helper-scripts/wsgi-loader.py", line 88, in load_app
App 1675904 output:     
App 1675904 output: spec.loader.exec_module(app_module)
App 1675904 output:   File "<frozen importlib._bootstrap_external>", line 846, in exec_module
App 1675904 output:   File "<frozen importlib._bootstrap_external>", line 983, in get_code
App 1675904 output:   File "<frozen importlib._bootstrap_external>", line 913, in source_to_code
App 1675904 output:   File "<frozen importlib._bootstrap>", line 228, in _call_with_frames_removed
App 1675904 output:   File "/home/bizpromy/domains/api-nes.bizpro.my.id/public_html/passenger_wsgi.py", line 9
App 1675904 output:     application = wsgi.app:app
App 1675904 output:               
App 1675904 output:             ^
App 1675904 output: SyntaxError: invalid syntax
App 1756919 output: Traceback (most recent call last):
App 1756919 output:   File "/opt/passenger/src/helper-scripts/wsgi-loader.py", line 384, in <module>
App 1756919 output:     app_module = load_app()
App 1756919 output:   File "/opt/passenger/src/helper-scripts/wsgi-loader.py", line 88, in load_app
App 1756919 output:     spec.loader.exec_module(app_module)
App 1756919 output:   File "<frozen importlib._bootstrap_external>", line 850, in exec_module
App 1756919 output:   File "<frozen importlib._bootstrap>", line 228, in _call_with_frames_removed
App 1756919 output:   File "/home/bizpromy/domains/api-nes.bizpro.my.id/public_html/passenger_wsgi.py", line 1, in <module>
App 1756919 output:     from wsgi import app as application
App 1756919 output: 
App 1756919 output:   File "/home/bizpromy/domains/api-nes.bizpro.my.id/public_html/wsgi.py", line 1, in <module>
App 1756919 output:     from app import create_app
App 1756919 output:   File "/home/bizpromy/domains/api-nes.bizpro.my.id/public_html/app/__init__.py", line 22
App 1756919 output:     @app.route("/")
App 1756919 output: IndentationError: unexpected indent
App 1758103 output: Traceback (most recent call last):
App 1758103 output:   File "/opt/passenger/src/helper-scripts/wsgi-loader.py", line 384, in <module>
App 1758103 output:     app_module = load_app()
App 1758103 output:   File "/opt/passenger/src/helper-scripts/wsgi-loader.py", line 88, in load_app
App 1758103 output:     spec.loader.exec_module(app_module)
App 1758103 output:   File "<frozen importlib._bootstrap_external>", line 850, in exec_module
App 1758103 output:   File "<frozen importlib._bootstrap>", line 228, in _call_with_frames_removed
App 1758103 output:   File "/home/bizpromy/domains/api-nes.bizpro.my.id/public_html/passenger_wsgi.py", line 1, in <module>
App 1758103 output:     from wsgi import app as application
App 1758103 output:   File "/home/bizpromy/domains/api-nes.bizpro.my.id/public_html/wsgi.py", line 1, in <module>
App 1758103 output:     from app import create_app
App 1758103 output:   File "/home/bizpromy/domains/api-nes.bizpro.my.id/public_html/app/__init__.py", line 22
App 1758103 output:     @app.route("/")
App 1758103 output: IndentationError: unexpected indent
App 1759019 output: Traceback (most recent call last):
App 1759019 output:   File "/opt/passenger/src/helper-scripts/wsgi-loader.py", line 384, in <module>
App 1759019 output:     
App 1759019 output: app_module = load_app()
App 1759019 output:   File "/opt/passenger/src/helper-scripts/wsgi-loader.py", line 88, in load_app
App 1759019 output:     
App 1759019 output: spec.loader.exec_module(app_module)
App 1759019 output:   File "<frozen importlib._bootstrap_external>", line 850, in exec_module
App 1759019 output:   File "<frozen importlib._bootstrap>", line 228, in _call_with_frames_removed
App 1759019 output:   File "/home/bizpromy/domains/api-nes.bizpro.my.id/public_html/passenger_wsgi.py", line 1, in <module>
App 1759019 output:     from wsgi import app as application
App 1759019 output:   File "/home/bizpromy/domains/api-nes.bizpro.my.id/public_html/wsgi.py", line 1, in <module>
App 1759019 output:     from app import create_app
App 1759019 output:   File "/home/bizpromy/domains/api-nes.bizpro.my.id/public_html/app/__init__.py", line 22
App 1759019 output:     @app.route("/")
App 1759019 output: IndentationError
App 1759019 output: : unexpected indent
App 1752045 output: Traceback (most recent call last):
App 1752045 output:   File "/opt/passenger/src/helper-scripts/wsgi-loader.py", line 384, in <module>
App 1752045 output:     
App 1752045 output: app_module = load_app()
App 1752045 output:   File "/opt/passenger/src/helper-scripts/wsgi-loader.py", line 88, in load_app
App 1752045 output:     
App 1752045 output: spec.loader.exec_module(app_module)
App 1752045 output:   File "<frozen importlib._bootstrap_external>", line 850, in exec_module
App 1752045 output:   File "<frozen importlib._bootstrap>", line 228, in _call_with_frames_removed
App 1752045 output:   File "/home/bizpromy/domains/api-nes.bizpro.my.id/public_html/passenger_wsgi.py", line 1, in <module>
App 1752045 output:     
App 1752045 output: from wsgi import app as application
App 1752045 output:   File "/home/bizpromy/domains/api-nes.bizpro.my.id/public_html/wsgi.py", line 3, in <module>
App 1752045 output:     app = create_app()
App 1752045 output:   File "/home/bizpromy/domains/api-nes.bizpro.my.id/public_html/app/__init__.py", line 17, in create_app
App 1752045 output:     from .routes import core_services_routes
App 1752045 output:   File "/home/bizpromy/domains/api-nes.bizpro.my.id/public_html/app/routes/core_services_routes.py", line 15
App 1752045 output:     
App 1752045 output: try:
App 1752045 output:     ^
App 1752045 output: IndentationError: expected an indented block
App 1752817 output: Traceback (most recent call last):
App 1752817 output:   File "/opt/passenger/src/helper-scripts/wsgi-loader.py", line 384, in <module>
App 1752817 output:     app_module = load_app()
App 1752817 output: 
App 1752817 output:   File "/opt/passenger/src/helper-scripts/wsgi-loader.py", line 88, in load_app
App 1752817 output:     
App 1752817 output: spec.loader.exec_module(app_module)
App 1752817 output:   File "<frozen importlib._bootstrap_external>", line 850, in exec_module
App 1752817 output:   File "<frozen importlib._bootstrap>", line 228, in _call_with_frames_removed
App 1752817 output:   File "/home/bizpromy/domains/api-nes.bizpro.my.id/public_html/passenger_wsgi.py", line 1, in <module>
App 1752817 output:     
App 1752817 output: from wsgi import app as application
App 1752817 output:   File "/home/bizpromy/domains/api-nes.bizpro.my.id/public_html/wsgi.py", line 3, in <module>
App 1752817 output:     
App 1752817 output: app = create_app()
App 1752817 output:   File "/home/bizpromy/domains/api-nes.bizpro.my.id/public_html/app/__init__.py", line 17, in create_app
App 1752817 output:     
App 1752817 output: from .routes import core_services_routes
App 1752817 output:   File "/home/bizpromy/domains/api-nes.bizpro.my.id/public_html/app/routes/core_services_routes.py", line 15
App 1752817 output:     try:
App 1752817 output:     ^
App 1752817 output: IndentationError: expected an indented block
App 1754059 output: Traceback (most recent call last):
App 1754059 output:   File "/opt/passenger/src/helper-scripts/wsgi-loader.py", line 384, in <module>
App 1754059 output:     
App 1754059 output: app_module = load_app()
App 1754059 output:   File "/opt/passenger/src/helper-scripts/wsgi-loader.py", line 88, in load_app
App 1754059 output:     
App 1754059 output: spec.loader.exec_module(app_module)
App 1754059 output:   File "<frozen importlib._bootstrap_external>", line 850, in exec_module
App 1754059 output:   File "<frozen importlib._bootstrap>", line 228, in _call_with_frames_removed
App 1754059 output:   File "/home/bizpromy/domains/api-nes.bizpro.my.id/public_html/passenger_wsgi.py", line 1, in <module>
App 1754059 output:     
App 1754059 output: from wsgi import app as application
App 1754059 output:   File "/home/bizpromy/domains/api-nes.bizpro.my.id/public_html/wsgi.py", line 3, in <module>
App 1754059 output:     
App 1754059 output: app = create_app()
App 1754059 output:   File "/home/bizpromy/domains/api-nes.bizpro.my.id/public_html/app/__init__.py", line 17, in create_app
App 1754059 output:     
App 1754059 output: from .routes import core_services_routes
App 1754059 output:   File "/home/bizpromy/domains/api-nes.bizpro.my.id/public_html/app/routes/core_services_routes.py", line 15
App 1754059 output:     try:
App 1754059 output:     ^
App 1754059 output: IndentationError
App 1754059 output: : expected an indented block
App 1754293 output: Traceback (most recent call last):
App 1754293 output:   File "/opt/passenger/src/helper-scripts/wsgi-loader.py", line 384, in <module>
App 1754293 output:     
App 1754293 output: app_module = load_app()
App 1754293 output:   File "/opt/passenger/src/helper-scripts/wsgi-loader.py", line 88, in load_app
App 1754293 output:     
App 1754293 output: spec.loader.exec_module(app_module)
App 1754293 output:   File "<frozen importlib._bootstrap_external>", line 850, in exec_module
App 1754293 output:   File "<frozen importlib._bootstrap>", line 228, in _call_with_frames_removed
App 1754293 output:   File "/home/bizpromy/domains/api-nes.bizpro.my.id/public_html/passenger_wsgi.py", line 1, in <module>
App 1754293 output:     
App 1754293 output: from wsgi import app as application
App 1754293 output:   File "/home/bizpromy/domains/api-nes.bizpro.my.id/public_html/wsgi.py", line 3, in <module>
App 1754293 output:     
App 1754293 output: app = create_app()
App 1754293 output:   File "/home/bizpromy/domains/api-nes.bizpro.my.id/public_html/app/__init__.py", line 17, in create_app
App 1754293 output:     
App 1754293 output: from .routes import core_services_routes
App 1754293 output:   File "/home/bizpromy/domains/api-nes.bizpro.my.id/public_html/app/routes/core_services_routes.py", line 15
App 1754293 output:     try:
App 1754293 output:     ^
App 1754293 output: IndentationError: expected an indented block
App 1759551 output: Traceback (most recent call last):
App 1759551 output:   File "/opt/passenger/src/helper-scripts/wsgi-loader.py", line 384, in <module>
App 1759551 output:     
App 1759551 output: app_module = load_app()
App 1759551 output:   File "/opt/passenger/src/helper-scripts/wsgi-loader.py", line 88, in load_app
App 1759551 output:     
App 1759551 output: spec.loader.exec_module(app_module)
App 1759551 output:   File "<frozen importlib._bootstrap_external>", line 850, in exec_module
App 1759551 output:   File "<frozen importlib._bootstrap>", line 228, in _call_with_frames_removed
App 1759551 output:   File "/home/bizpromy/domains/api-nes.bizpro.my.id/public_html/passenger_wsgi.py", line 1, in <module>
App 1759551 output:     
App 1759551 output: from wsgi import app as application
App 1759551 output:   File "/home/bizpromy/domains/api-nes.bizpro.my.id/public_html/wsgi.py", line 3, in <module>
App 1759551 output:     
App 1759551 output: app = create_app()
App 1759551 output:   File "/home/bizpromy/domains/api-nes.bizpro.my.id/public_html/app/__init__.py", line 17, in create_app
App 1759551 output:     
App 1759551 output: from .routes import core_services_routes
App 1759551 output:   File "/home/bizpromy/domains/api-nes.bizpro.my.id/public_html/app/routes/core_services_routes.py", line 15
App 1759551 output:     try:
App 1759551 output:     ^
App 1759551 output: IndentationError: expected an indented block
App 1762167 output: Traceback (most recent call last):
App 1762167 output:   File "/opt/passenger/src/helper-scripts/wsgi-loader.py", line 384, in <module>
App 1762167 output:     
App 1762167 output: app_module = load_app()
App 1762167 output:   File "/opt/passenger/src/helper-scripts/wsgi-loader.py", line 88, in load_app
App 1762167 output:     
App 1762167 output: spec.loader.exec_module(app_module)
App 1762167 output:   File "<frozen importlib._bootstrap_external>", line 850, in exec_module
App 1762167 output:   File "<frozen importlib._bootstrap>", line 228, in _call_with_frames_removed
App 1762167 output:   File "/home/bizpromy/domains/api-nes.bizpro.my.id/public_html/passenger_wsgi.py", line 1, in <module>
App 1762167 output:     
App 1762167 output: from wsgi import app as application
App 1762167 output:   File "/home/bizpromy/domains/api-nes.bizpro.my.id/public_html/wsgi.py", line 3, in <module>
App 1762167 output:     
App 1762167 output: app = create_app()
App 1762167 output:   File "/home/bizpromy/domains/api-nes.bizpro.my.id/public_html/app/__init__.py", line 17, in create_app
App 1762167 output:     
App 1762167 output: from .routes import core_services_routes
App 1762167 output:   File "/home/bizpromy/domains/api-nes.bizpro.my.id/public_html/app/routes/core_services_routes.py", line 15
App 1762167 output:     try:
App 1762167 output:     ^
App 1762167 output: IndentationError: expected an indented block
App 1763284 output: Traceback (most recent call last):
App 1763284 output:   File "/opt/passenger/src/helper-scripts/wsgi-loader.py", line 384, in <module>
App 1763284 output:     
App 1763284 output: app_module = load_app()
App 1763284 output:   File "/opt/passenger/src/helper-scripts/wsgi-loader.py", line 88, in load_app
App 1763284 output:     
App 1763284 output: spec.loader.exec_module(app_module)
App 1763284 output:   File "<frozen importlib._bootstrap_external>", line 850, in exec_module
App 1763284 output:   File "<frozen importlib._bootstrap>", line 228, in _call_with_frames_removed
App 1763284 output:   File "/home/bizpromy/domains/api-nes.bizpro.my.id/public_html/passenger_wsgi.py", line 1, in <module>
App 1763284 output:     
App 1763284 output: from wsgi import app as application
App 1763284 output:   File "/home/bizpromy/domains/api-nes.bizpro.my.id/public_html/wsgi.py", line 3, in <module>
App 1763284 output:     
App 1763284 output: app = create_app()
App 1763284 output:   File "/home/bizpromy/domains/api-nes.bizpro.my.id/public_html/app/__init__.py", line 17, in create_app
App 1763284 output:     
App 1763284 output: from .routes import core_services_routes
App 1763284 output:   File "/home/bizpromy/domains/api-nes.bizpro.my.id/public_html/app/routes/core_services_routes.py", line 15
App 1763284 output:     try:
App 1763284 output:     ^
App 1763284 output: IndentationError: expected an indented block
App 1801201 output: Traceback (most recent call last):
App 1801201 output:   File "/opt/passenger/src/helper-scripts/wsgi-loader.py", line 384, in <module>
App 1801201 output:     
App 1801201 output: app_module = load_app()
App 1801201 output:   File "/opt/passenger/src/helper-scripts/wsgi-loader.py", line 88, in load_app
App 1801201 output:     
App 1801201 output: spec.loader.exec_module(app_module)
App 1801201 output:   File "<frozen importlib._bootstrap_external>", line 850, in exec_module
App 1801201 output:   File "<frozen importlib._bootstrap>", line 228, in _call_with_frames_removed
App 1801201 output:   File "/home/bizpromy/domains/api-nes.bizpro.my.id/public_html/passenger_wsgi.py", line 1, in <module>
App 1801201 output:     
App 1801201 output: from wsgi import app as application
App 1801201 output:   File "/home/bizpromy/domains/api-nes.bizpro.my.id/public_html/wsgi.py", line 2, in <module>
App 1801201 output:     
App 1801201 output: app = create_app()
App 1801201 output:   File "/home/bizpromy/domains/api-nes.bizpro.my.id/public_html/app/__init__.py", line 18, in create_app
App 1801201 output:     
App 1801201 output: from .routes import core_services_routes
App 1801201 output:   File "/home/bizpromy/domains/api-nes.bizpro.my.id/public_html/app/routes/core_services_routes.py", line 15
App 1801201 output:     try:
App 1801201 output:     ^
App 1801201 output: IndentationError: expected an indented block
App 1801384 output: Traceback (most recent call last):
App 1801384 output:   File "/opt/passenger/src/helper-scripts/wsgi-loader.py", line 384, in <module>
App 1801384 output:     
App 1801384 output: app_module = load_app()
App 1801384 output:   File "/opt/passenger/src/helper-scripts/wsgi-loader.py", line 88, in load_app
App 1801384 output:     
App 1801384 output: spec.loader.exec_module(app_module)
App 1801384 output:   File "<frozen importlib._bootstrap_external>", line 850, in exec_module
App 1801384 output:   File "<frozen importlib._bootstrap>", line 228, in _call_with_frames_removed
App 1801384 output:   File "/home/bizpromy/domains/api-nes.bizpro.my.id/public_html/passenger_wsgi.py", line 1, in <module>
App 1801384 output:     
App 1801384 output: from wsgi import app as application
App 1801384 output:   File "/home/bizpromy/domains/api-nes.bizpro.my.id/public_html/wsgi.py", line 2, in <module>
App 1801384 output:     
App 1801384 output: app = create_app()
App 1801384 output:   File "/home/bizpromy/domains/api-nes.bizpro.my.id/public_html/app/__init__.py", line 18, in create_app
App 1801384 output:     
App 1801384 output: from .routes import core_services_routes
App 1801384 output:   File "/home/bizpromy/domains/api-nes.bizpro.my.id/public_html/app/routes/core_services_routes.py", line 15
App 1801384 output:     try:
App 1801384 output:     ^
App 1801384 output: IndentationError: expected an indented block
App 1801585 output: Traceback (most recent call last):
App 1801585 output:   File "/opt/passenger/src/helper-scripts/wsgi-loader.py", line 384, in <module>
App 1801585 output:     
App 1801585 output: app_module = load_app()
App 1801585 output:   File "/opt/passenger/src/helper-scripts/wsgi-loader.py", line 88, in load_app
App 1801585 output:     
App 1801585 output: spec.loader.exec_module(app_module)
App 1801585 output:   File "<frozen importlib._bootstrap_external>", line 850, in exec_module
App 1801585 output:   File "<frozen importlib._bootstrap>", line 228, in _call_with_frames_removed
App 1801585 output:   File "/home/bizpromy/domains/api-nes.bizpro.my.id/public_html/passenger_wsgi.py", line 1, in <module>
App 1801585 output:     
App 1801585 output: from wsgi import app as application
App 1801585 output:   File "/home/bizpromy/domains/api-nes.bizpro.my.id/public_html/wsgi.py", line 2, in <module>
App 1801585 output:     
App 1801585 output: app = create_app()
App 1801585 output:   File "/home/bizpromy/domains/api-nes.bizpro.my.id/public_html/app/__init__.py", line 18, in create_app
App 1801585 output:     
App 1801585 output: from .routes import core_services_routes
App 1801585 output:   File "/home/bizpromy/domains/api-nes.bizpro.my.id/public_html/app/routes/core_services_routes.py", line 15
App 1801585 output:     try:
App 1801585 output:     ^
App 1801585 output: IndentationError
App 1801585 output: : expected an indented block
App 1804857 output: Traceback (most recent call last):
App 1804857 output:   File "/opt/passenger/src/helper-scripts/wsgi-loader.py", line 384, in <module>
App 1804857 output:     
App 1804857 output: app_module = load_app()
App 1804857 output:   File "/opt/passenger/src/helper-scripts/wsgi-loader.py", line 88, in load_app
App 1804857 output:     
App 1804857 output: spec.loader.exec_module(app_module)
App 1804857 output:   File "<frozen importlib._bootstrap_external>", line 850, in exec_module
App 1804857 output:   File "<frozen importlib._bootstrap>", line 228, in _call_with_frames_removed
App 1804857 output:   File "/home/bizpromy/domains/api-nes.bizpro.my.id/public_html/passenger_wsgi.py", line 1, in <module>
App 1804857 output:     
App 1804857 output: from wsgi import app as application
App 1804857 output:   File "/home/bizpromy/domains/api-nes.bizpro.my.id/public_html/wsgi.py", line 1, in <module>
App 1804857 output:     
App 1804857 output: from app import create_app
App 1804857 output:   File "/home/bizpromy/domains/api-nes.bizpro.my.id/public_html/app/__init__.py", line 6
App 1804857 output:     
App 1804857 output: app = Flask(name)
App 1804857 output:     ^
App 1804857 output: IndentationError: expected an indented block
App 1805021 output: Traceback (most recent call last):
App 1805021 output:   File "/opt/passenger/src/helper-scripts/wsgi-loader.py", line 384, in <module>
App 1805021 output:     app_module = load_app()
App 1805021 output: 
App 1805021 output:   File "/opt/passenger/src/helper-scripts/wsgi-loader.py", line 88, in load_app
App 1805021 output:     spec.loader.exec_module(app_module)
App 1805021 output:   File "<frozen importlib._bootstrap_external>", line 850, in exec_module
App 1805021 output:   File "<frozen importlib._bootstrap>", line 228, in _call_with_frames_removed
App 1805021 output:   File "/home/bizpromy/domains/api-nes.bizpro.my.id/public_html/passenger_wsgi.py", line 1, in <module>
App 1805021 output:     
App 1805021 output: from wsgi import app as application
App 1805021 output:   File "/home/bizpromy/domains/api-nes.bizpro.my.id/public_html/wsgi.py", line 1, in <module>
App 1805021 output:     
App 1805021 output: from app import create_app
App 1805021 output:   File "/home/bizpromy/domains/api-nes.bizpro.my.id/public_html/app/__init__.py", line 6
App 1805021 output:     app = Flask(name)
App 1805021 output:     ^
App 1805021 output: IndentationError
App 1805021 output: : expected an indented block
App 1814833 output: Traceback (most recent call last):
App 1814833 output:   File "/opt/passenger/src/helper-scripts/wsgi-loader.py", line 384, in <module>
App 1814833 output:     
App 1814833 output: app_module = load_app()
App 1814833 output:   File "/opt/passenger/src/helper-scripts/wsgi-loader.py", line 88, in load_app
App 1814833 output:     spec.loader.exec_module(app_module)
App 1814833 output:   File "<frozen importlib._bootstrap_external>", line 850, in exec_module
App 1814833 output:   File "<frozen importlib._bootstrap>", line 228, in _call_with_frames_removed
App 1814833 output:   File "/home/bizpromy/domains/api-nes.bizpro.my.id/public_html/passenger_wsgi.py", line 1, in <module>
App 1814833 output:     
App 1814833 output: from wsgi import app as application
App 1814833 output:   File "/home/bizpromy/domains/api-nes.bizpro.my.id/public_html/wsgi.py", line 1, in <module>
App 1814833 output:     
App 1814833 output: from app import create_app
App 1814833 output:   File "/home/bizpromy/domains/api-nes.bizpro.my.id/public_html/app/__init__.py", line 6
App 1814833 output:     app = Flask(name)
App 1814833 output:     ^
App 1814833 output: IndentationError
App 1814833 output: : expected an indented block
App 1814968 output: Traceback (most recent call last):
App 1814968 output:   File "/opt/passenger/src/helper-scripts/wsgi-loader.py", line 384, in <module>
App 1814968 output:     
App 1814968 output: app_module = load_app()
App 1814968 output:   File "/opt/passenger/src/helper-scripts/wsgi-loader.py", line 88, in load_app
App 1814968 output:     
App 1814968 output: spec.loader.exec_module(app_module)
App 1814968 output:   File "<frozen importlib._bootstrap_external>", line 850, in exec_module
App 1814968 output:   File "<frozen importlib._bootstrap>", line 228, in _call_with_frames_removed
App 1814968 output:   File "/home/bizpromy/domains/api-nes.bizpro.my.id/public_html/passenger_wsgi.py", line 1, in <module>
App 1814968 output:     
App 1814968 output: from wsgi import app as application
App 1814968 output:   File "/home/bizpromy/domains/api-nes.bizpro.my.id/public_html/wsgi.py", line 1, in <module>
App 1814968 output:     
App 1814968 output: from app import create_app
App 1814968 output:   File "/home/bizpromy/domains/api-nes.bizpro.my.id/public_html/app/__init__.py", line 6
App 1814968 output:     app = Flask(name)
App 1814968 output:     ^
App 1814968 output: IndentationError
App 1814968 output: : expected an indented block
App 1815205 output: Traceback (most recent call last):
App 1815205 output:   File "/opt/passenger/src/helper-scripts/wsgi-loader.py", line 384, in <module>
App 1815205 output:     
App 1815205 output: app_module = load_app()
App 1815205 output:   File "/opt/passenger/src/helper-scripts/wsgi-loader.py", line 88, in load_app
App 1815205 output:     
App 1815205 output: spec.loader.exec_module(app_module)
App 1815205 output:   File "<frozen importlib._bootstrap_external>", line 850, in exec_module
App 1815205 output:   File "<frozen importlib._bootstrap>", line 228, in _call_with_frames_removed
App 1815205 output:   File "/home/bizpromy/domains/api-nes.bizpro.my.id/public_html/passenger_wsgi.py", line 1, in <module>
App 1815205 output:     
App 1815205 output: from wsgi import app as application
App 1815205 output:   File "/home/bizpromy/domains/api-nes.bizpro.my.id/public_html/wsgi.py", line 1, in <module>
App 1815205 output:     
App 1815205 output: from app import create_app
App 1815205 output:   File "/home/bizpromy/domains/api-nes.bizpro.my.id/public_html/app/__init__.py", line 6
App 1815205 output:     app = Flask(name)
App 1815205 output:     ^
App 1815205 output: IndentationError: expected an indented block
App 1815350 output: Traceback (most recent call last):
App 1815350 output:   File "/opt/passenger/src/helper-scripts/wsgi-loader.py", line 384, in <module>
App 1815350 output:     
App 1815350 output: app_module = load_app()
App 1815350 output:   File "/opt/passenger/src/helper-scripts/wsgi-loader.py", line 88, in load_app
App 1815350 output:     
App 1815350 output: spec.loader.exec_module(app_module)
App 1815350 output:   File "<frozen importlib._bootstrap_external>", line 850, in exec_module
App 1815350 output:   File "<frozen importlib._bootstrap>", line 228, in _call_with_frames_removed
App 1815350 output:   File "/home/bizpromy/domains/api-nes.bizpro.my.id/public_html/passenger_wsgi.py", line 1, in <module>
App 1815350 output:     
App 1815350 output: from wsgi import app as application
App 1815350 output:   File "/home/bizpromy/domains/api-nes.bizpro.my.id/public_html/wsgi.py", line 1, in <module>
App 1815350 output:     
App 1815350 output: from app import create_app
App 1815350 output:   File "/home/bizpromy/domains/api-nes.bizpro.my.id/public_html/app/__init__.py", line 6
App 1815350 output:     app = Flask(name)
App 1815350 output:     ^
App 1815350 output: IndentationError: expected an indented block
App 1816649 output: Traceback (most recent call last):
App 1816649 output:   File "/opt/passenger/src/helper-scripts/wsgi-loader.py", line 384, in <module>
App 1816649 output:     
App 1816649 output: app_module = load_app()
App 1816649 output:   File "/opt/passenger/src/helper-scripts/wsgi-loader.py", line 88, in load_app
App 1816649 output:     
App 1816649 output: spec.loader.exec_module(app_module)
App 1816649 output:   File "<frozen importlib._bootstrap_external>", line 850, in exec_module
App 1816649 output:   File "<frozen importlib._bootstrap>", line 228, in _call_with_frames_removed
App 1816649 output:   File "/home/bizpromy/domains/api-nes.bizpro.my.id/public_html/passenger_wsgi.py", line 1, in <module>
App 1816649 output:     
App 1816649 output: from wsgi import app as application
App 1816649 output:   File "/home/bizpromy/domains/api-nes.bizpro.my.id/public_html/wsgi.py", line 1, in <module>
App 1816649 output:     
App 1816649 output: from app import create_app
App 1816649 output:   File "/home/bizpromy/domains/api-nes.bizpro.my.id/public_html/app/__init__.py", line 6
App 1816649 output:     app = Flask(name)
App 1816649 output:     ^
App 1816649 output: IndentationError: expected an indented block
App 1816803 output: Traceback (most recent call last):
App 1816803 output:   File "/opt/passenger/src/helper-scripts/wsgi-loader.py", line 384, in <module>
App 1816803 output:     
App 1816803 output: app_module = load_app()
App 1816803 output:   File "/opt/passenger/src/helper-scripts/wsgi-loader.py", line 88, in load_app
App 1816803 output:     
App 1816803 output: spec.loader.exec_module(app_module)
App 1816803 output:   File "<frozen importlib._bootstrap_external>", line 850, in exec_module
App 1816803 output:   File "<frozen importlib._bootstrap>", line 228, in _call_with_frames_removed
App 1816803 output:   File "/home/bizpromy/domains/api-nes.bizpro.my.id/public_html/passenger_wsgi.py", line 1, in <module>
App 1816803 output:     
App 1816803 output: from wsgi import app as application
App 1816803 output:   File "/home/bizpromy/domains/api-nes.bizpro.my.id/public_html/wsgi.py", line 1, in <module>
App 1816803 output:     
App 1816803 output: from app import create_app
App 1816803 output:   File "/home/bizpromy/domains/api-nes.bizpro.my.id/public_html/app/__init__.py", line 6
App 1816803 output:     app = Flask(name)
App 1816803 output:     ^
App 1816803 output: IndentationError
App 1816803 output: : expected an indented block
App 1827208 output: Traceback (most recent call last):
App 1827208 output:   File "/opt/passenger/src/helper-scripts/wsgi-loader.py", line 384, in <module>
App 1827208 output:     
App 1827208 output: app_module = load_app()
App 1827208 output:   File "/opt/passenger/src/helper-scripts/wsgi-loader.py", line 88, in load_app
App 1827208 output:     
App 1827208 output: spec.loader.exec_module(app_module)
App 1827208 output:   File "<frozen importlib._bootstrap_external>", line 850, in exec_module
App 1827208 output:   File "<frozen importlib._bootstrap>", line 228, in _call_with_frames_removed
App 1827208 output:   File "/home/bizpromy/domains/api-nes.bizpro.my.id/public_html/passenger_wsgi.py", line 7, in <module>
App 1827208 output:     
App 1827208 output: from wsgi import app as application
App 1827208 output:   File "/home/bizpromy/domains/api-nes.bizpro.my.id/public_html/wsgi.py", line 1, in <module>
App 1827208 output:     from app import create_app
App 1827208 output: 
App 1827208 output:   File "/home/bizpromy/domains/api-nes.bizpro.my.id/public_html/app/__init__.py", line 6
App 1827208 output:     app = Flask(name)
App 1827208 output:     ^
App 1827208 output: IndentationError
App 1827208 output: : expected an indented block
App 1827410 output: Traceback (most recent call last):
App 1827410 output:   File "/opt/passenger/src/helper-scripts/wsgi-loader.py", line 384, in <module>
App 1827410 output:     app_module = load_app()
App 1827410 output: 
App 1827410 output:   File "/opt/passenger/src/helper-scripts/wsgi-loader.py", line 88, in load_app
App 1827410 output:     
App 1827410 output: spec.loader.exec_module(app_module)
App 1827410 output:   File "<frozen importlib._bootstrap_external>", line 850, in exec_module
App 1827410 output:   File "<frozen importlib._bootstrap>", line 228, in _call_with_frames_removed
App 1827410 output:   File "/home/bizpromy/domains/api-nes.bizpro.my.id/public_html/passenger_wsgi.py", line 7, in <module>
App 1827410 output:     
App 1827410 output: from wsgi import app as application
App 1827410 output:   File "/home/bizpromy/domains/api-nes.bizpro.my.id/public_html/wsgi.py", line 1, in <module>
App 1827410 output:     
App 1827410 output: from app import create_app
App 1827410 output:   File "/home/bizpromy/domains/api-nes.bizpro.my.id/public_html/app/__init__.py", line 6
App 1827410 output:     app = Flask(name)
App 1827410 output:     ^
App 1827410 output: IndentationError: expected an indented block
App 1827560 output: Traceback (most recent call last):
App 1827560 output:   File "/opt/passenger/src/helper-scripts/wsgi-loader.py", line 384, in <module>
App 1827560 output:     app_module = load_app()
App 1827560 output:   File "/opt/passenger/src/helper-scripts/wsgi-loader.py", line 88, in load_app
App 1827560 output:     
App 1827560 output: spec.loader.exec_module(app_module)
App 1827560 output:   File "<frozen importlib._bootstrap_external>", line 850, in exec_module
App 1827560 output:   File "<frozen importlib._bootstrap>", line 228, in _call_with_frames_removed
App 1827560 output:   File "/home/bizpromy/domains/api-nes.bizpro.my.id/public_html/passenger_wsgi.py", line 7, in <module>
App 1827560 output:     
App 1827560 output: from wsgi import app as application
App 1827560 output:   File "/home/bizpromy/domains/api-nes.bizpro.my.id/public_html/wsgi.py", line 1, in <module>
App 1827560 output:     
App 1827560 output: from app import create_app
App 1827560 output:   File "/home/bizpromy/domains/api-nes.bizpro.my.id/public_html/app/__init__.py", line 6
App 1827560 output:     app = Flask(name)
App 1827560 output:     ^
App 1827560 output: IndentationError
App 1827560 output: : expected an indented block
App 1827682 output: Traceback (most recent call last):
App 1827682 output:   File "/opt/passenger/src/helper-scripts/wsgi-loader.py", line 384, in <module>
App 1827682 output:     
App 1827682 output: app_module = load_app()
App 1827682 output:   File "/opt/passenger/src/helper-scripts/wsgi-loader.py", line 88, in load_app
App 1827682 output:     
App 1827682 output: spec.loader.exec_module(app_module)
App 1827682 output:   File "<frozen importlib._bootstrap_external>", line 850, in exec_module
App 1827682 output:   File "<frozen importlib._bootstrap>", line 228, in _call_with_frames_removed
App 1827682 output:   File "/home/bizpromy/domains/api-nes.bizpro.my.id/public_html/passenger_wsgi.py", line 7, in <module>
App 1827682 output:     
App 1827682 output: from wsgi import app as application
App 1827682 output:   File "/home/bizpromy/domains/api-nes.bizpro.my.id/public_html/wsgi.py", line 1, in <module>
App 1827682 output:     
App 1827682 output: from app import create_app
App 1827682 output:   File "/home/bizpromy/domains/api-nes.bizpro.my.id/public_html/app/__init__.py", line 6
App 1827682 output:     app = Flask(name)
App 1827682 output:     ^
App 1827682 output: IndentationError: expected an indented block
App 1828060 output: Traceback (most recent call last):
App 1828060 output:   File "/opt/passenger/src/helper-scripts/wsgi-loader.py", line 384, in <module>
App 1828060 output:     
App 1828060 output: app_module = load_app()
App 1828060 output:   File "/opt/passenger/src/helper-scripts/wsgi-loader.py", line 88, in load_app
App 1828060 output:     
App 1828060 output: spec.loader.exec_module(app_module)
App 1828060 output:   File "<frozen importlib._bootstrap_external>", line 850, in exec_module
App 1828060 output:   File "<frozen importlib._bootstrap>", line 228, in _call_with_frames_removed
App 1828060 output:   File "/home/bizpromy/domains/api-nes.bizpro.my.id/public_html/passenger_wsgi.py", line 7, in <module>
App 1828060 output:     
App 1828060 output: from wsgi import app as application
App 1828060 output:   File "/home/bizpromy/domains/api-nes.bizpro.my.id/public_html/wsgi.py", line 1, in <module>
App 1828060 output:     
App 1828060 output: from app import create_app
App 1828060 output:   File "/home/bizpromy/domains/api-nes.bizpro.my.id/public_html/app/__init__.py", line 6
App 1828060 output:     app = Flask(name)
App 1828060 output:     ^
App 1828060 output: IndentationError: expected an indented block
App 1828195 output: Traceback (most recent call last):
App 1828195 output:   File "/opt/passenger/src/helper-scripts/wsgi-loader.py", line 384, in <module>
App 1828195 output:     
App 1828195 output: app_module = load_app()
App 1828195 output:   File "/opt/passenger/src/helper-scripts/wsgi-loader.py", line 88, in load_app
App 1828195 output:     spec.loader.exec_module(app_module)
App 1828195 output: 
App 1828195 output:   File "<frozen importlib._bootstrap_external>", line 850, in exec_module
App 1828195 output:   File "<frozen importlib._bootstrap>", line 228, in _call_with_frames_removed
App 1828195 output:   File "/home/bizpromy/domains/api-nes.bizpro.my.id/public_html/passenger_wsgi.py", line 7, in <module>
App 1828195 output:     from wsgi import app as application
App 1828195 output:   File "/home/bizpromy/domains/api-nes.bizpro.my.id/public_html/wsgi.py", line 1, in <module>
App 1828195 output:     from app import create_app
App 1828195 output:   File "/home/bizpromy/domains/api-nes.bizpro.my.id/public_html/app/__init__.py", line 6
App 1828195 output:     app = Flask(name)
App 1828195 output:     ^
App 1828195 output: IndentationError: expected an indented block
App 1840579 output: Traceback (most recent call last):
App 1840579 output:   File "/opt/passenger/src/helper-scripts/wsgi-loader.py", line 384, in <module>
App 1840579 output:     app_module = load_app()
App 1840579 output: 
App 1840579 output:   File "/opt/passenger/src/helper-scripts/wsgi-loader.py", line 88, in load_app
App 1840579 output:     spec.loader.exec_module(app_module)
App 1840579 output:   File "<frozen importlib._bootstrap_external>", line 850, in exec_module
App 1840579 output:   File "<frozen importlib._bootstrap>", line 228, in _call_with_frames_removed
App 1840579 output:   File "/home/bizpromy/domains/api-nes.bizpro.my.id/public_html/passenger_wsgi.py", line 7, in <module>
App 1840579 output:     from wsgi import app as application
App 1840579 output: 
App 1840579 output:   File "/home/bizpromy/domains/api-nes.bizpro.my.id/public_html/wsgi.py", line 1, in <module>
App 1840579 output:     
App 1840579 output: from app import create_app
App 1840579 output:   File "/home/bizpromy/domains/api-nes.bizpro.my.id/public_html/app/__init__.py", line 6
App 1840579 output:     app = Flask(name)
App 1840579 output:     ^
App 1840579 output: IndentationError: expected an indented block
App 1840694 output: Traceback (most recent call last):
App 1840694 output:   File "/opt/passenger/src/helper-scripts/wsgi-loader.py", line 384, in <module>
App 1840694 output:     
App 1840694 output: app_module = load_app()
App 1840694 output:   File "/opt/passenger/src/helper-scripts/wsgi-loader.py", line 88, in load_app
App 1840694 output:     
App 1840694 output: spec.loader.exec_module(app_module)
App 1840694 output:   File "<frozen importlib._bootstrap_external>", line 850, in exec_module
App 1840694 output:   File "<frozen importlib._bootstrap>", line 228, in _call_with_frames_removed
App 1840694 output:   File "/home/bizpromy/domains/api-nes.bizpro.my.id/public_html/passenger_wsgi.py", line 7, in <module>
App 1840694 output:     
App 1840694 output: from wsgi import app as application
App 1840694 output:   File "/home/bizpromy/domains/api-nes.bizpro.my.id/public_html/wsgi.py", line 1, in <module>
App 1840694 output:     
App 1840694 output: from app import create_app
App 1840694 output:   File "/home/bizpromy/domains/api-nes.bizpro.my.id/public_html/app/__init__.py", line 6
App 1840694 output:     app = Flask(name)
App 1840694 output:     ^
App 1840694 output: IndentationError: expected an indented block
App 1840975 output: Traceback (most recent call last):
App 1840975 output:   File "/opt/passenger/src/helper-scripts/wsgi-loader.py", line 384, in <module>
App 1840975 output:     app_module = load_app()
App 1840975 output: 
App 1840975 output:   File "/opt/passenger/src/helper-scripts/wsgi-loader.py", line 88, in load_app
App 1840975 output:     spec.loader.exec_module(app_module)
App 1840975 output: 
App 1840975 output:   File "<frozen importlib._bootstrap_external>", line 850, in exec_module
App 1840975 output:   File "<frozen importlib._bootstrap>", line 228, in _call_with_frames_removed
App 1840975 output:   File "/home/bizpromy/domains/api-nes.bizpro.my.id/public_html/passenger_wsgi.py", line 7, in <module>
App 1840975 output:     from wsgi import app as application
App 1840975 output: 
App 1840975 output:   File "/home/bizpromy/domains/api-nes.bizpro.my.id/public_html/wsgi.py", line 1, in <module>
App 1840975 output:     from app import create_app
App 1840975 output:   File "/home/bizpromy/domains/api-nes.bizpro.my.id/public_html/app/__init__.py", line 6
App 1840975 output:     app = Flask(name)
App 1840975 output:     ^
App 1840975 output: IndentationError: expected an indented block
App 1841106 output: Traceback (most recent call last):
App 1841106 output:   File "/opt/passenger/src/helper-scripts/wsgi-loader.py", line 384, in <module>
App 1841106 output:     app_module = load_app()
App 1841106 output: 
App 1841106 output:   File "/opt/passenger/src/helper-scripts/wsgi-loader.py", line 88, in load_app
App 1841106 output:     
App 1841106 output: spec.loader.exec_module(app_module)
App 1841106 output:   File "<frozen importlib._bootstrap_external>", line 850, in exec_module
App 1841106 output:   File "<frozen importlib._bootstrap>", line 228, in _call_with_frames_removed
App 1841106 output:   File "/home/bizpromy/domains/api-nes.bizpro.my.id/public_html/passenger_wsgi.py", line 7, in <module>
App 1841106 output:     
App 1841106 output: from wsgi import app as application
App 1841106 output:   File "/home/bizpromy/domains/api-nes.bizpro.my.id/public_html/wsgi.py", line 1, in <module>
App 1841106 output:     
App 1841106 output: from app import create_app
App 1841106 output:   File "/home/bizpromy/domains/api-nes.bizpro.my.id/public_html/app/__init__.py", line 6
App 1841106 output:     app = Flask(name)
App 1841106 output:     ^
App 1841106 output: IndentationError: expected an indented block
App 1841312 output: Traceback (most recent call last):
App 1841312 output:   File "/opt/passenger/src/helper-scripts/wsgi-loader.py", line 384, in <module>
App 1841312 output:     app_module = load_app()
App 1841312 output: 
App 1841312 output:   File "/opt/passenger/src/helper-scripts/wsgi-loader.py", line 88, in load_app
App 1841312 output:     spec.loader.exec_module(app_module)
App 1841312 output: 
App 1841312 output:   File "<frozen importlib._bootstrap_external>", line 850, in exec_module
App 1841312 output:   File "<frozen importlib._bootstrap>", line 228, in _call_with_frames_removed
App 1841312 output:   File "/home/bizpromy/domains/api-nes.bizpro.my.id/public_html/passenger_wsgi.py", line 7, in <module>
App 1841312 output:     
App 1841312 output: from wsgi import app as application
App 1841312 output:   File "/home/bizpromy/domains/api-nes.bizpro.my.id/public_html/wsgi.py", line 1, in <module>
App 1841312 output:     from app import create_app
App 1841312 output:   File "/home/bizpromy/domains/api-nes.bizpro.my.id/public_html/app/__init__.py", line 6
App 1841312 output:     app = Flask(name)
App 1841312 output:     ^
App 1841312 output: IndentationError: expected an indented block
App 1841312 output: 
App 1841422 output: Traceback (most recent call last):
App 1841422 output:   File "/opt/passenger/src/helper-scripts/wsgi-loader.py", line 384, in <module>
App 1841422 output:     
App 1841422 output: app_module = load_app()
App 1841422 output:   File "/opt/passenger/src/helper-scripts/wsgi-loader.py", line 88, in load_app
App 1841422 output:     
App 1841422 output: spec.loader.exec_module(app_module)
App 1841422 output:   File "<frozen importlib._bootstrap_external>", line 850, in exec_module
App 1841422 output:   File "<frozen importlib._bootstrap>", line 228, in _call_with_frames_removed
App 1841422 output:   File "/home/bizpromy/domains/api-nes.bizpro.my.id/public_html/passenger_wsgi.py", line 7, in <module>
App 1841422 output:     
App 1841422 output: from wsgi import app as application
App 1841422 output:   File "/home/bizpromy/domains/api-nes.bizpro.my.id/public_html/wsgi.py", line 1, in <module>
App 1841422 output:     
App 1841422 output: from app import create_app
App 1841422 output:   File "/home/bizpromy/domains/api-nes.bizpro.my.id/public_html/app/__init__.py", line 6
App 1841422 output:     app = Flask(name)
App 1841422 output:     ^
App 1841422 output: IndentationError: expected an indented block
App 1841592 output: Traceback (most recent call last):
App 1841592 output:   File "/opt/passenger/src/helper-scripts/wsgi-loader.py", line 384, in <module>
App 1841592 output:     
App 1841592 output: app_module = load_app()
App 1841592 output:   File "/opt/passenger/src/helper-scripts/wsgi-loader.py", line 88, in load_app
App 1841592 output:     
App 1841592 output: spec.loader.exec_module(app_module)
App 1841592 output:   File "<frozen importlib._bootstrap_external>", line 850, in exec_module
App 1841592 output:   File "<frozen importlib._bootstrap>", line 228, in _call_with_frames_removed
App 1841592 output:   File "/home/bizpromy/domains/api-nes.bizpro.my.id/public_html/passenger_wsgi.py", line 7, in <module>
App 1841592 output:     
App 1841592 output: from wsgi import app as application
App 1841592 output:   File "/home/bizpromy/domains/api-nes.bizpro.my.id/public_html/wsgi.py", line 1, in <module>
App 1841592 output:     
App 1841592 output: from app import create_app
App 1841592 output:   File "/home/bizpromy/domains/api-nes.bizpro.my.id/public_html/app/__init__.py", line 6
App 1841592 output:     app = Flask(name)
App 1841592 output:     ^
App 1841592 output: IndentationError: expected an indented block
App 1841826 output: Traceback (most recent call last):
App 1841826 output:   File "/opt/passenger/src/helper-scripts/wsgi-loader.py", line 384, in <module>
App 1841826 output:     
App 1841826 output: app_module = load_app()
App 1841826 output:   File "/opt/passenger/src/helper-scripts/wsgi-loader.py", line 88, in load_app
App 1841826 output:     
App 1841826 output: spec.loader.exec_module(app_module)
App 1841826 output:   File "<frozen importlib._bootstrap_external>", line 850, in exec_module
App 1841826 output:   File "<frozen importlib._bootstrap>", line 228, in _call_with_frames_removed
App 1841826 output:   File "/home/bizpromy/domains/api-nes.bizpro.my.id/public_html/passenger_wsgi.py", line 7, in <module>
App 1841826 output:     
App 1841826 output: from wsgi import app as application
App 1841826 output:   File "/home/bizpromy/domains/api-nes.bizpro.my.id/public_html/wsgi.py", line 1, in <module>
App 1841826 output:     
App 1841826 output: from app import create_app
App 1841826 output:   File "/home/bizpromy/domains/api-nes.bizpro.my.id/public_html/app/__init__.py", line 6
App 1841826 output:     app = Flask(name)
App 1841826 output:     ^
App 1841826 output: IndentationError: expected an indented block
App 1843974 output: Traceback (most recent call last):
App 1843974 output:   File "/opt/passenger/src/helper-scripts/wsgi-loader.py", line 384, in <module>
App 1843974 output:     
App 1843974 output: app_module = load_app()
App 1843974 output:   File "/opt/passenger/src/helper-scripts/wsgi-loader.py", line 88, in load_app
App 1843974 output:     
App 1843974 output: spec.loader.exec_module(app_module)
App 1843974 output:   File "<frozen importlib._bootstrap_external>", line 850, in exec_module
App 1843974 output:   File "<frozen importlib._bootstrap>", line 228, in _call_with_frames_removed
App 1843974 output:   File "/home/bizpromy/domains/api-nes.bizpro.my.id/public_html/passenger_wsgi.py", line 7, in <module>
App 1843974 output:     
App 1843974 output: from wsgi import app as application
App 1843974 output:   File "/home/bizpromy/domains/api-nes.bizpro.my.id/public_html/wsgi.py", line 1, in <module>
App 1843974 output:     
App 1843974 output: from app import create_app
App 1843974 output:   File "/home/bizpromy/domains/api-nes.bizpro.my.id/public_html/app/__init__.py", line 6
App 1843974 output:     app = Flask(name)
App 1843974 output:     ^
App 1843974 output: IndentationError
App 1843974 output: : expected an indented block
App 1844126 output: Traceback (most recent call last):
App 1844126 output:   File "/opt/passenger/src/helper-scripts/wsgi-loader.py", line 384, in <module>
App 1844126 output:     
App 1844126 output: app_module = load_app()
App 1844126 output:   File "/opt/passenger/src/helper-scripts/wsgi-loader.py", line 88, in load_app
App 1844126 output:     
App 1844126 output: spec.loader.exec_module(app_module)
App 1844126 output: 
App 1844126 output:   File "<frozen importlib._bootstrap_external>", line 850, in exec_module
App 1844126 output:   File "<frozen importlib._bootstrap>", line 228, in _call_with_frames_removed
App 1844126 output:   File "/home/bizpromy/domains/api-nes.bizpro.my.id/public_html/passenger_wsgi.py", line 7, in <module>
App 1844126 output:     from wsgi import app as application
App 1844126 output:   File "/home/bizpromy/domains/api-nes.bizpro.my.id/public_html/wsgi.py", line 1, in <module>
App 1844126 output:     
App 1844126 output: from app import create_app
App 1844126 output:   File "/home/bizpromy/domains/api-nes.bizpro.my.id/public_html/app/__init__.py", line 6
App 1844126 output:     app = Flask(name)
App 1844126 output:     ^
App 1844126 output: IndentationError
App 1844126 output: : expected an indented block
App 1844459 output: Traceback (most recent call last):
App 1844459 output:   File "/opt/passenger/src/helper-scripts/wsgi-loader.py", line 384, in <module>
App 1844459 output:     
App 1844459 output: app_module = load_app()
App 1844459 output:   File "/opt/passenger/src/helper-scripts/wsgi-loader.py", line 88, in load_app
App 1844459 output:     
App 1844459 output: spec.loader.exec_module(app_module)
App 1844459 output:   File "<frozen importlib._bootstrap_external>", line 850, in exec_module
App 1844459 output:   File "<frozen importlib._bootstrap>", line 228, in _call_with_frames_removed
App 1844459 output:   File "/home/bizpromy/domains/api-nes.bizpro.my.id/public_html/passenger_wsgi.py", line 7, in <module>
App 1844459 output:     
App 1844459 output: from wsgi import app as application
App 1844459 output:   File "/home/bizpromy/domains/api-nes.bizpro.my.id/public_html/wsgi.py", line 1, in <module>
App 1844459 output:     
App 1844459 output: from app import create_app
App 1844459 output:   File "/home/bizpromy/domains/api-nes.bizpro.my.id/public_html/app/__init__.py", line 6
App 1844459 output:     app = Flask(name)
App 1844459 output:     ^
App 1844459 output: IndentationError: expected an indented block
App 1844692 output: Traceback (most recent call last):
App 1844692 output:   File "/opt/passenger/src/helper-scripts/wsgi-loader.py", line 384, in <module>
App 1844692 output:     
App 1844692 output: app_module = load_app()
App 1844692 output:   File "/opt/passenger/src/helper-scripts/wsgi-loader.py", line 88, in load_app
App 1844692 output:     
App 1844692 output: spec.loader.exec_module(app_module)
App 1844692 output:   File "<frozen importlib._bootstrap_external>", line 850, in exec_module
App 1844692 output:   File "<frozen importlib._bootstrap>", line 228, in _call_with_frames_removed
App 1844692 output:   File "/home/bizpromy/domains/api-nes.bizpro.my.id/public_html/passenger_wsgi.py", line 7, in <module>
App 1844692 output:     
App 1844692 output: from wsgi import app as application
App 1844692 output:   File "/home/bizpromy/domains/api-nes.bizpro.my.id/public_html/wsgi.py", line 1, in <module>
App 1844692 output:     
App 1844692 output: from app import create_app
App 1844692 output:   File "/home/bizpromy/domains/api-nes.bizpro.my.id/public_html/app/__init__.py", line 6
App 1844692 output:     app = Flask(name)
App 1844692 output:     ^
App 1844692 output: IndentationError
App 1844692 output: : expected an indented block
App 1844827 output: Traceback (most recent call last):
App 1844827 output:   File "/opt/passenger/src/helper-scripts/wsgi-loader.py", line 384, in <module>
App 1844827 output:     
App 1844827 output: app_module = load_app()
App 1844827 output:   File "/opt/passenger/src/helper-scripts/wsgi-loader.py", line 88, in load_app
App 1844827 output:     
App 1844827 output: spec.loader.exec_module(app_module)
App 1844827 output:   File "<frozen importlib._bootstrap_external>", line 850, in exec_module
App 1844827 output:   File "<frozen importlib._bootstrap>", line 228, in _call_with_frames_removed
App 1844827 output:   File "/home/bizpromy/domains/api-nes.bizpro.my.id/public_html/passenger_wsgi.py", line 7, in <module>
App 1844827 output:     
App 1844827 output: from wsgi import app as application
App 1844827 output:   File "/home/bizpromy/domains/api-nes.bizpro.my.id/public_html/wsgi.py", line 1, in <module>
App 1844827 output:     
App 1844827 output: from app import create_app
App 1844827 output:   File "/home/bizpromy/domains/api-nes.bizpro.my.id/public_html/app/__init__.py", line 6
App 1844827 output:     app = Flask(name)
App 1844827 output:     ^
App 1844827 output: IndentationError: expected an indented block
App 1844945 output: Traceback (most recent call last):
App 1844945 output:   File "/opt/passenger/src/helper-scripts/wsgi-loader.py", line 384, in <module>
App 1844945 output:     
App 1844945 output: app_module = load_app()
App 1844945 output:   File "/opt/passenger/src/helper-scripts/wsgi-loader.py", line 88, in load_app
App 1844945 output:     
App 1844945 output: spec.loader.exec_module(app_module)
App 1844945 output:   File "<frozen importlib._bootstrap_external>", line 850, in exec_module
App 1844945 output:   File "<frozen importlib._bootstrap>", line 228, in _call_with_frames_removed
App 1844945 output:   File "/home/bizpromy/domains/api-nes.bizpro.my.id/public_html/passenger_wsgi.py", line 7, in <module>
App 1844945 output:     
App 1844945 output: from wsgi import app as application
App 1844945 output:   File "/home/bizpromy/domains/api-nes.bizpro.my.id/public_html/wsgi.py", line 1, in <module>
App 1844945 output:     
App 1844945 output: from app import create_app
App 1844945 output:   File "/home/bizpromy/domains/api-nes.bizpro.my.id/public_html/app/__init__.py", line 6
App 1844945 output:     app = Flask(name)
App 1844945 output:     ^
App 1844945 output: IndentationError
App 1844945 output: : expected an indented block
App 1845202 output: Traceback (most recent call last):
App 1845202 output:   File "/opt/passenger/src/helper-scripts/wsgi-loader.py", line 384, in <module>
App 1845202 output:     
App 1845202 output: app_module = load_app()
App 1845202 output:   File "/opt/passenger/src/helper-scripts/wsgi-loader.py", line 88, in load_app
App 1845202 output:     spec.loader.exec_module(app_module)
App 1845202 output:   File "<frozen importlib._bootstrap_external>", line 850, in exec_module
App 1845202 output:   File "<frozen importlib._bootstrap>", line 228, in _call_with_frames_removed
App 1845202 output:   File "/home/bizpromy/domains/api-nes.bizpro.my.id/public_html/passenger_wsgi.py", line 7, in <module>
App 1845202 output:     
App 1845202 output: from wsgi import app as application
App 1845202 output:   File "/home/bizpromy/domains/api-nes.bizpro.my.id/public_html/wsgi.py", line 1, in <module>
App 1845202 output:     
App 1845202 output: from app import create_app
App 1845202 output:   File "/home/bizpromy/domains/api-nes.bizpro.my.id/public_html/app/__init__.py", line 6
App 1845202 output:     app = Flask(name)
App 1845202 output:     ^
App 1845202 output: IndentationError: expected an indented block
App 1851826 output: Traceback (most recent call last):
App 1851826 output:   File "/opt/passenger/src/helper-scripts/wsgi-loader.py", line 384, in <module>
App 1851826 output:     app_module = load_app()
App 1851826 output: 
App 1851826 output:   File "/opt/passenger/src/helper-scripts/wsgi-loader.py", line 88, in load_app
App 1851826 output:     spec.loader.exec_module(app_module)
App 1851826 output:   File "<frozen importlib._bootstrap_external>", line 850, in exec_module
App 1851826 output:   File "<frozen importlib._bootstrap>", line 228, in _call_with_frames_removed
App 1851826 output:   File "/home/bizpromy/domains/api-nes.bizpro.my.id/public_html/passenger_wsgi.py", line 7, in <module>
App 1851826 output:     from wsgi import app as application
App 1851826 output: 
App 1851826 output:   File "/home/bizpromy/domains/api-nes.bizpro.my.id/public_html/wsgi.py", line 1, in <module>
App 1851826 output:     from app import create_app
App 1851826 output:   File "/home/bizpromy/domains/api-nes.bizpro.my.id/public_html/app/__init__.py", line 37
App 1851826 output:     return app
App 1851826 output:     ^
App 1851826 output: SyntaxError: 'return' outside function
App 1851996 output: Traceback (most recent call last):
App 1851996 output:   File "/opt/passenger/src/helper-scripts/wsgi-loader.py", line 384, in <module>
App 1851996 output:     
App 1851996 output: app_module = load_app()
App 1851996 output:   File "/opt/passenger/src/helper-scripts/wsgi-loader.py", line 88, in load_app
App 1851996 output:     
App 1851996 output: spec.loader.exec_module(app_module)
App 1851996 output:   File "<frozen importlib._bootstrap_external>", line 850, in exec_module
App 1851996 output:   File "<frozen importlib._bootstrap>", line 228, in _call_with_frames_removed
App 1851996 output:   File "/home/bizpromy/domains/api-nes.bizpro.my.id/public_html/passenger_wsgi.py", line 7, in <module>
App 1851996 output:     
App 1851996 output: from wsgi import app as application
App 1851996 output:   File "/home/bizpromy/domains/api-nes.bizpro.my.id/public_html/wsgi.py", line 1, in <module>
App 1851996 output:     
App 1851996 output: from app import create_app
App 1851996 output:   File "/home/bizpromy/domains/api-nes.bizpro.my.id/public_html/app/__init__.py", line 37
App 1851996 output:     return app
App 1851996 output:     ^
App 1851996 output: SyntaxError
App 1851996 output: : 'return' outside function
App 1852117 output: Traceback (most recent call last):
App 1852117 output:   File "/opt/passenger/src/helper-scripts/wsgi-loader.py", line 384, in <module>
App 1852117 output:     
App 1852117 output: app_module = load_app()
App 1852117 output:   File "/opt/passenger/src/helper-scripts/wsgi-loader.py", line 88, in load_app
App 1852117 output:     
App 1852117 output: spec.loader.exec_module(app_module)
App 1852117 output:   File "<frozen importlib._bootstrap_external>", line 850, in exec_module
App 1852117 output:   File "<frozen importlib._bootstrap>", line 228, in _call_with_frames_removed
App 1852117 output:   File "/home/bizpromy/domains/api-nes.bizpro.my.id/public_html/passenger_wsgi.py", line 7, in <module>
App 1852117 output:     
App 1852117 output: from wsgi import app as application
App 1852117 output:   File "/home/bizpromy/domains/api-nes.bizpro.my.id/public_html/wsgi.py", line 1, in <module>
App 1852117 output:     
App 1852117 output: from app import create_app
App 1852117 output:   File "/home/bizpromy/domains/api-nes.bizpro.my.id/public_html/app/__init__.py", line 37
App 1852117 output:     return app
App 1852117 output:     ^
App 1852117 output: SyntaxError: 'return' outside function
App 1852231 output: Traceback (most recent call last):
App 1852231 output:   File "/opt/passenger/src/helper-scripts/wsgi-loader.py", line 384, in <module>
App 1852231 output:     app_module = load_app()
App 1852231 output: 
App 1852231 output:   File "/opt/passenger/src/helper-scripts/wsgi-loader.py", line 88, in load_app
App 1852231 output:     spec.loader.exec_module(app_module)
App 1852231 output:   File "<frozen importlib._bootstrap_external>", line 850, in exec_module
App 1852231 output:   File "<frozen importlib._bootstrap>", line 228, in _call_with_frames_removed
App 1852231 output:   File "/home/bizpromy/domains/api-nes.bizpro.my.id/public_html/passenger_wsgi.py", line 7, in <module>
App 1852231 output:     from wsgi import app as application
App 1852231 output: 
App 1852231 output:   File "/home/bizpromy/domains/api-nes.bizpro.my.id/public_html/wsgi.py", line 1, in <module>
App 1852231 output:     from app import create_app
App 1852231 output:   File "/home/bizpromy/domains/api-nes.bizpro.my.id/public_html/app/__init__.py", line 37
App 1852231 output:     return app
App 1852231 output:     ^
App 1852231 output: SyntaxError: 'return' outside function
App 1852346 output: Traceback (most recent call last):
App 1852346 output:   File "/opt/passenger/src/helper-scripts/wsgi-loader.py", line 384, in <module>
App 1852346 output:     
App 1852346 output: app_module = load_app()
App 1852346 output:   File "/opt/passenger/src/helper-scripts/wsgi-loader.py", line 88, in load_app
App 1852346 output:     spec.loader.exec_module(app_module)
App 1852346 output:   File "<frozen importlib._bootstrap_external>", line 850, in exec_module
App 1852346 output:   File "<frozen importlib._bootstrap>", line 228, in _call_with_frames_removed
App 1852346 output:   File "/home/bizpromy/domains/api-nes.bizpro.my.id/public_html/passenger_wsgi.py", line 7, in <module>
App 1852346 output:     
App 1852346 output: from wsgi import app as application
App 1852346 output:   File "/home/bizpromy/domains/api-nes.bizpro.my.id/public_html/wsgi.py", line 1, in <module>
App 1852346 output:     from app import create_app
App 1852346 output:   File "/home/bizpromy/domains/api-nes.bizpro.my.id/public_html/app/__init__.py", line 37
App 1852346 output:     return app
App 1852346 output:     ^
App 1852346 output: SyntaxError: 'return' outside function
App 1852507 output: Traceback (most recent call last):
App 1852507 output:   File "/opt/passenger/src/helper-scripts/wsgi-loader.py", line 384, in <module>
App 1852507 output:     
App 1852507 output: app_module = load_app()
App 1852507 output:   File "/opt/passenger/src/helper-scripts/wsgi-loader.py", line 88, in load_app
App 1852507 output:     
App 1852507 output: spec.loader.exec_module(app_module)
App 1852507 output:   File "<frozen importlib._bootstrap_external>", line 850, in exec_module
App 1852507 output:   File "<frozen importlib._bootstrap>", line 228, in _call_with_frames_removed
App 1852507 output:   File "/home/bizpromy/domains/api-nes.bizpro.my.id/public_html/passenger_wsgi.py", line 7, in <module>
App 1852507 output:     
App 1852507 output: from wsgi import app as application
App 1852507 output:   File "/home/bizpromy/domains/api-nes.bizpro.my.id/public_html/wsgi.py", line 1, in <module>
App 1852507 output:     
App 1852507 output: from app import create_app
App 1852507 output:   File "/home/bizpromy/domains/api-nes.bizpro.my.id/public_html/app/__init__.py", line 37
App 1852507 output:     return app
App 1852507 output:     ^
App 1852507 output: SyntaxError: 'return' outside function
App 1852629 output: Traceback (most recent call last):
App 1852629 output:   File "/opt/passenger/src/helper-scripts/wsgi-loader.py", line 384, in <module>
App 1852629 output:     
App 1852629 output: app_module = load_app()
App 1852629 output:   File "/opt/passenger/src/helper-scripts/wsgi-loader.py", line 88, in load_app
App 1852629 output:     
App 1852629 output: spec.loader.exec_module(app_module)
App 1852629 output:   File "<frozen importlib._bootstrap_external>", line 850, in exec_module
App 1852629 output:   File "<frozen importlib._bootstrap>", line 228, in _call_with_frames_removed
App 1852629 output:   File "/home/bizpromy/domains/api-nes.bizpro.my.id/public_html/passenger_wsgi.py", line 7, in <module>
App 1852629 output:     
App 1852629 output: from wsgi import app as application
App 1852629 output:   File "/home/bizpromy/domains/api-nes.bizpro.my.id/public_html/wsgi.py", line 1, in <module>
App 1852629 output:     
App 1852629 output: from app import create_app
App 1852629 output:   File "/home/bizpromy/domains/api-nes.bizpro.my.id/public_html/app/__init__.py", line 37
App 1852629 output:     return app
App 1852629 output:     ^
App 1852629 output: SyntaxError
App 1852629 output: : 'return' outside function
App 1852799 output: Traceback (most recent call last):
App 1852799 output:   File "/opt/passenger/src/helper-scripts/wsgi-loader.py", line 384, in <module>
App 1852799 output:     
App 1852799 output: app_module = load_app()
App 1852799 output:   File "/opt/passenger/src/helper-scripts/wsgi-loader.py", line 88, in load_app
App 1852799 output:     
App 1852799 output: spec.loader.exec_module(app_module)
App 1852799 output:   File "<frozen importlib._bootstrap_external>", line 850, in exec_module
App 1852799 output:   File "<frozen importlib._bootstrap>", line 228, in _call_with_frames_removed
App 1852799 output:   File "/home/bizpromy/domains/api-nes.bizpro.my.id/public_html/passenger_wsgi.py", line 7, in <module>
App 1852799 output:     
App 1852799 output: from wsgi import app as application
App 1852799 output:   File "/home/bizpromy/domains/api-nes.bizpro.my.id/public_html/wsgi.py", line 1, in <module>
App 1852799 output:     from app import create_app
App 1852799 output:   File "/home/bizpromy/domains/api-nes.bizpro.my.id/public_html/app/__init__.py", line 37
App 1852799 output:     return app
App 1852799 output:     ^
App 1852799 output: SyntaxError: 'return' outside function
App 1852930 output: Traceback (most recent call last):
App 1852930 output:   File "/opt/passenger/src/helper-scripts/wsgi-loader.py", line 384, in <module>
App 1852930 output:     
App 1852930 output: app_module = load_app()
App 1852930 output:   File "/opt/passenger/src/helper-scripts/wsgi-loader.py", line 88, in load_app
App 1852930 output:     
App 1852930 output: spec.loader.exec_module(app_module)
App 1852930 output:   File "<frozen importlib._bootstrap_external>", line 850, in exec_module
App 1852930 output:   File "<frozen importlib._bootstrap>", line 228, in _call_with_frames_removed
App 1852930 output:   File "/home/bizpromy/domains/api-nes.bizpro.my.id/public_html/passenger_wsgi.py", line 7, in <module>
App 1852930 output:     
App 1852930 output: from wsgi import app as application
App 1852930 output:   File "/home/bizpromy/domains/api-nes.bizpro.my.id/public_html/wsgi.py", line 1, in <module>
App 1852930 output:     
App 1852930 output: from app import create_app
App 1852930 output:   File "/home/bizpromy/domains/api-nes.bizpro.my.id/public_html/app/__init__.py", line 37
App 1852930 output:     
App 1852930 output: return app
App 1852930 output:     ^
App 1852930 output: SyntaxError: 'return' outside function
App 1853163 output: Traceback (most recent call last):
App 1853163 output:   File "/opt/passenger/src/helper-scripts/wsgi-loader.py", line 384, in <module>
App 1853163 output:     
App 1853163 output: app_module = load_app()
App 1853163 output:   File "/opt/passenger/src/helper-scripts/wsgi-loader.py", line 88, in load_app
App 1853163 output:     
App 1853163 output: spec.loader.exec_module(app_module)
App 1853163 output:   File "<frozen importlib._bootstrap_external>", line 850, in exec_module
App 1853163 output:   File "<frozen importlib._bootstrap>", line 228, in _call_with_frames_removed
App 1853163 output:   File "/home/bizpromy/domains/api-nes.bizpro.my.id/public_html/passenger_wsgi.py", line 7, in <module>
App 1853163 output:     
App 1853163 output: from wsgi import app as application
App 1853163 output:   File "/home/bizpromy/domains/api-nes.bizpro.my.id/public_html/wsgi.py", line 1, in <module>
App 1853163 output:     
App 1853163 output: from app import create_app
App 1853163 output:   File "/home/bizpromy/domains/api-nes.bizpro.my.id/public_html/app/__init__.py", line 37
App 1853163 output:     return app
App 1853163 output:     
App 1853163 output: ^
App 1853163 output: SyntaxError: 'return' outside function
App 1855294 output: Traceback (most recent call last):
App 1855294 output:   File "/opt/passenger/src/helper-scripts/wsgi-loader.py", line 384, in <module>
App 1855294 output:     
App 1855294 output: app_module = load_app()
App 1855294 output:   File "/opt/passenger/src/helper-scripts/wsgi-loader.py", line 88, in load_app
App 1855294 output:     
App 1855294 output: spec.loader.exec_module(app_module)
App 1855294 output:   File "<frozen importlib._bootstrap_external>", line 850, in exec_module
App 1855294 output:   File "<frozen importlib._bootstrap>", line 228, in _call_with_frames_removed
App 1855294 output:   File "/home/bizpromy/domains/api-nes.bizpro.my.id/public_html/passenger_wsgi.py", line 7, in <module>
App 1855294 output:     
App 1855294 output: from wsgi import app as application
App 1855294 output:   File "/home/bizpromy/domains/api-nes.bizpro.my.id/public_html/wsgi.py", line 1, in <module>
App 1855294 output:     
App 1855294 output: from app import create_app
App 1855294 output:   File "/home/bizpromy/domains/api-nes.bizpro.my.id/public_html/app/__init__.py", line 37
App 1855294 output:     
App 1855294 output: return app
App 1855294 output:     ^
App 1855294 output: SyntaxError: 'return' outside function
App 1857773 output: Traceback (most recent call last):
App 1857773 output:   File "/opt/passenger/src/helper-scripts/wsgi-loader.py", line 384, in <module>
App 1857773 output:     
App 1857773 output: app_module = load_app()
App 1857773 output:   File "/opt/passenger/src/helper-scripts/wsgi-loader.py", line 88, in load_app
App 1857773 output:     
App 1857773 output: spec.loader.exec_module(app_module)
App 1857773 output:   File "<frozen importlib._bootstrap_external>", line 850, in exec_module
App 1857773 output:   File "<frozen importlib._bootstrap>", line 228, in _call_with_frames_removed
App 1857773 output:   File "/home/bizpromy/domains/api-nes.bizpro.my.id/public_html/passenger_wsgi.py", line 7, in <module>
App 1857773 output:     
App 1857773 output: from wsgi import app as application
App 1857773 output:   File "/home/bizpromy/domains/api-nes.bizpro.my.id/public_html/wsgi.py", line 1, in <module>
App 1857773 output:     
App 1857773 output: from app import create_app
App 1857773 output:   File "/home/bizpromy/domains/api-nes.bizpro.my.id/public_html/app/__init__.py", line 37
App 1857773 output:     
App 1857773 output: return app
App 1857773 output:     ^
App 1857773 output: SyntaxError: 'return' outside function
App 1860536 output: Traceback (most recent call last):
App 1860536 output:   File "/opt/passenger/src/helper-scripts/wsgi-loader.py", line 384, in <module>
App 1860536 output:     
App 1860536 output: app_module = load_app()
App 1860536 output:   File "/opt/passenger/src/helper-scripts/wsgi-loader.py", line 88, in load_app
App 1860536 output:     spec.loader.exec_module(app_module)
App 1860536 output: 
App 1860536 output:   File "<frozen importlib._bootstrap_external>", line 850, in exec_module
App 1860536 output:   File "<frozen importlib._bootstrap>", line 228, in _call_with_frames_removed
App 1860536 output:   File "/home/bizpromy/domains/api-nes.bizpro.my.id/public_html/passenger_wsgi.py", line 7, in <module>
App 1860536 output:     
App 1860536 output: from wsgi import app as application
App 1860536 output:   File "/home/bizpromy/domains/api-nes.bizpro.my.id/public_html/wsgi.py", line 1, in <module>
App 1860536 output:     
App 1860536 output: from app import create_app
App 1860536 output:   File "/home/bizpromy/domains/api-nes.bizpro.my.id/public_html/app/__init__.py", line 37
App 1860536 output:     return app
App 1860536 output:     ^
App 1860536 output: SyntaxError: 'return' outside function
App 1861683 output: Traceback (most recent call last):
App 1861683 output:   File "/opt/passenger/src/helper-scripts/wsgi-loader.py", line 384, in <module>
App 1861683 output:     
App 1861683 output: app_module = load_app()
App 1861683 output:   File "/opt/passenger/src/helper-scripts/wsgi-loader.py", line 88, in load_app
App 1861683 output:     
App 1861683 output: spec.loader.exec_module(app_module)
App 1861683 output:   File "<frozen importlib._bootstrap_external>", line 850, in exec_module
App 1861683 output:   File "<frozen importlib._bootstrap>", line 228, in _call_with_frames_removed
App 1861683 output:   File "/home/bizpromy/domains/api-nes.bizpro.my.id/public_html/passenger_wsgi.py", line 7, in <module>
App 1861683 output:     
App 1861683 output: from wsgi import app as application
App 1861683 output:   File "/home/bizpromy/domains/api-nes.bizpro.my.id/public_html/wsgi.py", line 1, in <module>
App 1861683 output:     
App 1861683 output: from app import create_app
App 1861683 output:   File "/home/bizpromy/domains/api-nes.bizpro.my.id/public_html/app/__init__.py", line 37
App 1861683 output:     return app
App 1861683 output:     ^
App 1861683 output: SyntaxError: 'return' outside function
App 1861902 output: Traceback (most recent call last):
App 1861902 output:   File "/opt/passenger/src/helper-scripts/wsgi-loader.py", line 384, in <module>
App 1861902 output:     
App 1861902 output: app_module = load_app()
App 1861902 output:   File "/opt/passenger/src/helper-scripts/wsgi-loader.py", line 88, in load_app
App 1861902 output:     
App 1861902 output: spec.loader.exec_module(app_module)
App 1861902 output:   File "<frozen importlib._bootstrap_external>", line 850, in exec_module
App 1861902 output:   File "<frozen importlib._bootstrap>", line 228, in _call_with_frames_removed
App 1861902 output:   File "/home/bizpromy/domains/api-nes.bizpro.my.id/public_html/passenger_wsgi.py", line 7, in <module>
App 1861902 output:     
App 1861902 output: from wsgi import app as application
App 1861902 output:   File "/home/bizpromy/domains/api-nes.bizpro.my.id/public_html/wsgi.py", line 1, in <module>
App 1861902 output:     
App 1861902 output: from app import create_app
App 1861902 output:   File "/home/bizpromy/domains/api-nes.bizpro.my.id/public_html/app/__init__.py", line 37
App 1861902 output:     return app
App 1861902 output:     ^
App 1861902 output: SyntaxError: 'return' outside function
App 1862199 output: Traceback (most recent call last):
App 1862199 output:   File "/opt/passenger/src/helper-scripts/wsgi-loader.py", line 384, in <module>
App 1862199 output:     
App 1862199 output: app_module = load_app()
App 1862199 output:   File "/opt/passenger/src/helper-scripts/wsgi-loader.py", line 88, in load_app
App 1862199 output:     
App 1862199 output: spec.loader.exec_module(app_module)
App 1862199 output:   File "<frozen importlib._bootstrap_external>", line 850, in exec_module
App 1862199 output:   File "<frozen importlib._bootstrap>", line 228, in _call_with_frames_removed
App 1862199 output:   File "/home/bizpromy/domains/api-nes.bizpro.my.id/public_html/passenger_wsgi.py", line 7, in <module>
App 1862199 output:     
App 1862199 output: from wsgi import app as application
App 1862199 output:   File "/home/bizpromy/domains/api-nes.bizpro.my.id/public_html/wsgi.py", line 1, in <module>
App 1862199 output:     
App 1862199 output: from app import create_app
App 1862199 output:   File "/home/bizpromy/domains/api-nes.bizpro.my.id/public_html/app/__init__.py", line 37
App 1862199 output:     return app
App 1862199 output:     ^
App 1862199 output: SyntaxError: 'return' outside function
App 1862730 output: Traceback (most recent call last):
App 1862730 output:   File "/opt/passenger/src/helper-scripts/wsgi-loader.py", line 384, in <module>
App 1862730 output:     
App 1862730 output: app_module = load_app()
App 1862730 output:   File "/opt/passenger/src/helper-scripts/wsgi-loader.py", line 88, in load_app
App 1862730 output:     
App 1862730 output: spec.loader.exec_module(app_module)
App 1862730 output:   File "<frozen importlib._bootstrap_external>", line 850, in exec_module
App 1862730 output:   File "<frozen importlib._bootstrap>", line 228, in _call_with_frames_removed
App 1862730 output:   File "/home/bizpromy/domains/api-nes.bizpro.my.id/public_html/passenger_wsgi.py", line 7, in <module>
App 1862730 output:     
App 1862730 output: from wsgi import app as application
App 1862730 output:   File "/home/bizpromy/domains/api-nes.bizpro.my.id/public_html/wsgi.py", line 1, in <module>
App 1862730 output:     
App 1862730 output: from app import create_app
App 1862730 output:   File "/home/bizpromy/domains/api-nes.bizpro.my.id/public_html/app/__init__.py", line 37
App 1862730 output:     return app
App 1862730 output:     ^
App 1862730 output: SyntaxError: 'return' outside function
App 1871154 output: Traceback (most recent call last):
App 1871154 output:   File "/opt/passenger/src/helper-scripts/wsgi-loader.py", line 384, in <module>
App 1871154 output:     app_module = load_app()
App 1871154 output:   File "/opt/passenger/src/helper-scripts/wsgi-loader.py", line 88, in load_app
App 1871154 output:     spec.loader.exec_module(app_module)
App 1871154 output:   File "<frozen importlib._bootstrap_external>", line 850, in exec_module
App 1871154 output:   File "<frozen importlib._bootstrap>", line 228, in _call_with_frames_removed
App 1871154 output:   File "/home/bizpromy/domains/api-nes.bizpro.my.id/public_html/passenger_wsgi.py", line 1, in <module>
App 1871154 output:     
App 1871154 output: from wsgi import app as application
App 1871154 output:   File "/home/bizpromy/domains/api-nes.bizpro.my.id/public_html/wsgi.py", line 1, in <module>
App 1871154 output:     from app import create_app
App 1871154 output:   File "/home/bizpromy/domains/api-nes.bizpro.my.id/public_html/app/__init__.py", line 37
App 1871154 output:     return app
App 1871154 output:     ^
App 1871154 output: SyntaxError: 'return' outside function
App 1871280 output: Traceback (most recent call last):
App 1871280 output:   File "/opt/passenger/src/helper-scripts/wsgi-loader.py", line 384, in <module>
App 1871280 output:     
App 1871280 output: app_module = load_app()
App 1871280 output:   File "/opt/passenger/src/helper-scripts/wsgi-loader.py", line 88, in load_app
App 1871280 output:     
App 1871280 output: spec.loader.exec_module(app_module)
App 1871280 output:   File "<frozen importlib._bootstrap_external>", line 850, in exec_module
App 1871280 output:   File "<frozen importlib._bootstrap>", line 228, in _call_with_frames_removed
App 1871280 output:   File "/home/bizpromy/domains/api-nes.bizpro.my.id/public_html/passenger_wsgi.py", line 1, in <module>
App 1871280 output:     
App 1871280 output: from wsgi import app as application
App 1871280 output:   File "/home/bizpromy/domains/api-nes.bizpro.my.id/public_html/wsgi.py", line 1, in <module>
App 1871280 output:     from app import create_app
App 1871280 output: 
App 1871280 output:   File "/home/bizpromy/domains/api-nes.bizpro.my.id/public_html/app/__init__.py", line 37
App 1871280 output:     return app
App 1871280 output:     ^
App 1871280 output: SyntaxError
App 1871280 output: : 'return' outside function
App 1871424 output: Traceback (most recent call last):
App 1871424 output:   File "/opt/passenger/src/helper-scripts/wsgi-loader.py", line 384, in <module>
App 1871424 output:     app_module = load_app()
App 1871424 output: 
App 1871424 output:   File "/opt/passenger/src/helper-scripts/wsgi-loader.py", line 88, in load_app
App 1871424 output:     
App 1871424 output: spec.loader.exec_module(app_module)
App 1871424 output:   File "<frozen importlib._bootstrap_external>", line 850, in exec_module
App 1871424 output:   File "<frozen importlib._bootstrap>", line 228, in _call_with_frames_removed
App 1871424 output:   File "/home/bizpromy/domains/api-nes.bizpro.my.id/public_html/passenger_wsgi.py", line 1, in <module>
App 1871424 output:     
App 1871424 output: from wsgi import app as application
App 1871424 output:   File "/home/bizpromy/domains/api-nes.bizpro.my.id/public_html/wsgi.py", line 1, in <module>
App 1871424 output:     
App 1871424 output: from app import create_app
App 1871424 output:   File "/home/bizpromy/domains/api-nes.bizpro.my.id/public_html/app/__init__.py", line 37
App 1871424 output:     return app
App 1871424 output:     ^
App 1871424 output: SyntaxError: 'return' outside function
App 1871424 output: 
App 1872043 output: Traceback (most recent call last):
App 1872043 output:   File "/opt/passenger/src/helper-scripts/wsgi-loader.py", line 384, in <module>
App 1872043 output:     
App 1872043 output: app_module = load_app()
App 1872043 output:   File "/opt/passenger/src/helper-scripts/wsgi-loader.py", line 88, in load_app
App 1872043 output:     
App 1872043 output: spec.loader.exec_module(app_module)
App 1872043 output:   File "<frozen importlib._bootstrap_external>", line 850, in exec_module
App 1872043 output:   File "<frozen importlib._bootstrap>", line 228, in _call_with_frames_removed
App 1872043 output:   File "/home/bizpromy/domains/api-nes.bizpro.my.id/public_html/passenger_wsgi.py", line 1, in <module>
App 1872043 output:     
App 1872043 output: from wsgi import app as application
App 1872043 output:   File "/home/bizpromy/domains/api-nes.bizpro.my.id/public_html/wsgi.py", line 1, in <module>
App 1872043 output:     
App 1872043 output: from app import create_app
App 1872043 output:   File "/home/bizpromy/domains/api-nes.bizpro.my.id/public_html/app/__init__.py", line 37
App 1872043 output:     
App 1872043 output: return app
App 1872043 output:     ^
App 1872043 output: SyntaxError: 'return' outside function
App 1872826 output: Traceback (most recent call last):
App 1872826 output:   File "/opt/passenger/src/helper-scripts/wsgi-loader.py", line 384, in <module>
App 1872826 output:     app_module = load_app()
App 1872826 output: 
App 1872826 output:   File "/opt/passenger/src/helper-scripts/wsgi-loader.py", line 88, in load_app
App 1872826 output:     
App 1872826 output: spec.loader.exec_module(app_module)
App 1872826 output:   File "<frozen importlib._bootstrap_external>", line 850, in exec_module
App 1872826 output:   File "<frozen importlib._bootstrap>", line 228, in _call_with_frames_removed
App 1872826 output:   File "/home/bizpromy/domains/api-nes.bizpro.my.id/public_html/passenger_wsgi.py", line 1, in <module>
App 1872826 output:     
App 1872826 output: from wsgi import app as application
App 1872826 output:   File "/home/bizpromy/domains/api-nes.bizpro.my.id/public_html/wsgi.py", line 1, in <module>
App 1872826 output:     
App 1872826 output: from app import create_app
App 1872826 output:   File "/home/bizpromy/domains/api-nes.bizpro.my.id/public_html/app/__init__.py", line 37
App 1872826 output:     
App 1872826 output: return app
App 1872826 output:     ^
App 1872826 output: SyntaxError: 'return' outside function
App 1877759 output: Traceback (most recent call last):
App 1877759 output:   File "/opt/passenger/src/helper-scripts/wsgi-loader.py", line 384, in <module>
App 1877759 output:     app_module = load_app()
App 1877759 output: 
App 1877759 output:   File "/opt/passenger/src/helper-scripts/wsgi-loader.py", line 88, in load_app
App 1877759 output:     spec.loader.exec_module(app_module)
App 1877759 output: 
App 1877759 output:   File "<frozen importlib._bootstrap_external>", line 850, in exec_module
App 1877759 output:   File "<frozen importlib._bootstrap>", line 228, in _call_with_frames_removed
App 1877759 output:   File "/home/bizpromy/domains/api-nes.bizpro.my.id/public_html/passenger_wsgi.py", line 1, in <module>
App 1877759 output:     
App 1877759 output: from wsgi import app as application
App 1877759 output:   File "/home/bizpromy/domains/api-nes.bizpro.my.id/public_html/wsgi.py", line 3, in <module>
App 1877759 output:     app = create_app()
App 1877759 output:   File "/home/bizpromy/domains/api-nes.bizpro.my.id/public_html/app/__init__.py", line 17, in create_app
App 1877759 output:     
App 1877759 output: from .routes import core_services_routes
App 1877759 output:   File "/home/bizpromy/domains/api-nes.bizpro.my.id/public_html/app/routes/core_services_routes.py", line 15
App 1877759 output:     try:
App 1877759 output:     ^
App 1877759 output: IndentationError
App 1877759 output: : expected an indented block
App 1880204 output: Traceback (most recent call last):
App 1880204 output:   File "/opt/passenger/src/helper-scripts/wsgi-loader.py", line 384, in <module>
App 1880204 output:     
App 1880204 output: app_module = load_app()
App 1880204 output:   File "/opt/passenger/src/helper-scripts/wsgi-loader.py", line 88, in load_app
App 1880204 output:     
App 1880204 output: spec.loader.exec_module(app_module)
App 1880204 output:   File "<frozen importlib._bootstrap_external>", line 850, in exec_module
App 1880204 output:   File "<frozen importlib._bootstrap>", line 228, in _call_with_frames_removed
App 1880204 output:   File "/home/bizpromy/domains/api-nes.bizpro.my.id/public_html/passenger_wsgi.py", line 1, in <module>
App 1880204 output:     
App 1880204 output: from wsgi import app as application
App 1880204 output:   File "/home/bizpromy/domains/api-nes.bizpro.my.id/public_html/wsgi.py", line 3, in <module>
App 1880204 output:     
App 1880204 output: app = create_app()
App 1880204 output:   File "/home/bizpromy/domains/api-nes.bizpro.my.id/public_html/app/__init__.py", line 17, in create_app
App 1880204 output:     
App 1880204 output: from .routes import core_services_routes
App 1880204 output:   File "/home/bizpromy/domains/api-nes.bizpro.my.id/public_html/app/routes/core_services_routes.py", line 15
App 1880204 output:     try:
App 1880204 output:     ^
App 1880204 output: IndentationError: expected an indented block
App 1880341 output: Traceback (most recent call last):
App 1880341 output:   File "/opt/passenger/src/helper-scripts/wsgi-loader.py", line 384, in <module>
App 1880341 output:     
App 1880341 output: app_module = load_app()
App 1880341 output:   File "/opt/passenger/src/helper-scripts/wsgi-loader.py", line 88, in load_app
App 1880341 output:     
App 1880341 output: spec.loader.exec_module(app_module)
App 1880341 output:   File "<frozen importlib._bootstrap_external>", line 850, in exec_module
App 1880341 output:   File "<frozen importlib._bootstrap>", line 228, in _call_with_frames_removed
App 1880341 output:   File "/home/bizpromy/domains/api-nes.bizpro.my.id/public_html/passenger_wsgi.py", line 1, in <module>
App 1880341 output:     
App 1880341 output: from wsgi import app as application
App 1880341 output:   File "/home/bizpromy/domains/api-nes.bizpro.my.id/public_html/wsgi.py", line 3, in <module>
App 1880341 output:     
App 1880341 output: app = create_app()
App 1880341 output:   File "/home/bizpromy/domains/api-nes.bizpro.my.id/public_html/app/__init__.py", line 17, in create_app
App 1880341 output:     
App 1880341 output: from .routes import core_services_routes
App 1880341 output:   File "/home/bizpromy/domains/api-nes.bizpro.my.id/public_html/app/routes/core_services_routes.py", line 15
App 1880341 output:     try:
App 1880341 output:     ^
App 1880341 output: IndentationError: expected an indented block
App 1881577 output: Traceback (most recent call last):
App 1881577 output:   File "/opt/passenger/src/helper-scripts/wsgi-loader.py", line 384, in <module>
App 1881577 output:     
App 1881577 output: app_module = load_app()
App 1881577 output:   File "/opt/passenger/src/helper-scripts/wsgi-loader.py", line 88, in load_app
App 1881577 output:     
App 1881577 output: spec.loader.exec_module(app_module)
App 1881577 output:   File "<frozen importlib._bootstrap_external>", line 850, in exec_module
App 1881577 output:   File "<frozen importlib._bootstrap>", line 228, in _call_with_frames_removed
App 1881577 output:   File "/home/bizpromy/domains/api-nes.bizpro.my.id/public_html/passenger_wsgi.py", line 1, in <module>
App 1881577 output:     from wsgi import app as application
App 1881577 output: 
App 1881577 output:   File "/home/bizpromy/domains/api-nes.bizpro.my.id/public_html/wsgi.py", line 3, in <module>
App 1881577 output:     app = create_app()
App 1881577 output:   File "/home/bizpromy/domains/api-nes.bizpro.my.id/public_html/app/__init__.py", line 17, in create_app
App 1881577 output:     
App 1881577 output: from .routes import core_services_routes
App 1881577 output:   File "/home/bizpromy/domains/api-nes.bizpro.my.id/public_html/app/routes/core_services_routes.py", line 15
App 1881577 output:     try:
App 1881577 output:     ^
App 1881577 output: IndentationError: expected an indented block
App 1881753 output: Traceback (most recent call last):
App 1881753 output:   File "/opt/passenger/src/helper-scripts/wsgi-loader.py", line 384, in <module>
App 1881753 output:     
App 1881753 output: app_module = load_app()
App 1881753 output:   File "/opt/passenger/src/helper-scripts/wsgi-loader.py", line 88, in load_app
App 1881753 output:     
App 1881753 output: spec.loader.exec_module(app_module)
App 1881753 output:   File "<frozen importlib._bootstrap_external>", line 850, in exec_module
App 1881753 output:   File "<frozen importlib._bootstrap>", line 228, in _call_with_frames_removed
App 1881753 output:   File "/home/bizpromy/domains/api-nes.bizpro.my.id/public_html/passenger_wsgi.py", line 1, in <module>
App 1881753 output:     
App 1881753 output: from wsgi import app as application
App 1881753 output:   File "/home/bizpromy/domains/api-nes.bizpro.my.id/public_html/wsgi.py", line 3, in <module>
App 1881753 output:     
App 1881753 output: app = create_app()
App 1881753 output:   File "/home/bizpromy/domains/api-nes.bizpro.my.id/public_html/app/__init__.py", line 17, in create_app
App 1881753 output:     
App 1881753 output: from .routes import core_services_routes
App 1881753 output:   File "/home/bizpromy/domains/api-nes.bizpro.my.id/public_html/app/routes/core_services_routes.py", line 15
App 1881753 output:     try:
App 1881753 output:     ^
App 1881753 output: IndentationError: expected an indented block
App 1881903 output: Traceback (most recent call last):
App 1881903 output:   File "/opt/passenger/src/helper-scripts/wsgi-loader.py", line 384, in <module>
App 1881903 output:     
App 1881903 output: app_module = load_app()
App 1881903 output:   File "/opt/passenger/src/helper-scripts/wsgi-loader.py", line 88, in load_app
App 1881903 output:     
App 1881903 output: spec.loader.exec_module(app_module)
App 1881903 output:   File "<frozen importlib._bootstrap_external>", line 850, in exec_module
App 1881903 output:   File "<frozen importlib._bootstrap>", line 228, in _call_with_frames_removed
App 1881903 output:   File "/home/bizpromy/domains/api-nes.bizpro.my.id/public_html/passenger_wsgi.py", line 1, in <module>
App 1881903 output:     
App 1881903 output: from wsgi import app as application
App 1881903 output:   File "/home/bizpromy/domains/api-nes.bizpro.my.id/public_html/wsgi.py", line 3, in <module>
App 1881903 output:     
App 1881903 output: app = create_app()
App 1881903 output:   File "/home/bizpromy/domains/api-nes.bizpro.my.id/public_html/app/__init__.py", line 17, in create_app
App 1881903 output:     
App 1881903 output: from .routes import core_services_routes
App 1881903 output:   File "/home/bizpromy/domains/api-nes.bizpro.my.id/public_html/app/routes/core_services_routes.py", line 15
App 1881903 output:     try:
App 1881903 output:     ^
App 1881903 output: IndentationError: expected an indented block
App 1882057 output: Traceback (most recent call last):
App 1882057 output:   File "/opt/passenger/src/helper-scripts/wsgi-loader.py", line 384, in <module>
App 1882057 output:     
App 1882057 output: app_module = load_app()
App 1882057 output:   File "/opt/passenger/src/helper-scripts/wsgi-loader.py", line 88, in load_app
App 1882057 output:     
App 1882057 output: spec.loader.exec_module(app_module)
App 1882057 output:   File "<frozen importlib._bootstrap_external>", line 850, in exec_module
App 1882057 output:   File "<frozen importlib._bootstrap>", line 228, in _call_with_frames_removed
App 1882057 output:   File "/home/bizpromy/domains/api-nes.bizpro.my.id/public_html/passenger_wsgi.py", line 1, in <module>
App 1882057 output:     
App 1882057 output: from wsgi import app as application
App 1882057 output:   File "/home/bizpromy/domains/api-nes.bizpro.my.id/public_html/wsgi.py", line 3, in <module>
App 1882057 output:     
App 1882057 output: app = create_app()
App 1882057 output:   File "/home/bizpromy/domains/api-nes.bizpro.my.id/public_html/app/__init__.py", line 17, in create_app
App 1882057 output:     
App 1882057 output: from .routes import core_services_routes
App 1882057 output:   File "/home/bizpromy/domains/api-nes.bizpro.my.id/public_html/app/routes/core_services_routes.py", line 15
App 1882057 output:     try:
App 1882057 output:     ^
App 1882057 output: IndentationError: expected an indented block
App 1883489 output: Traceback (most recent call last):
App 1883489 output:   File "/opt/passenger/src/helper-scripts/wsgi-loader.py", line 384, in <module>
App 1883489 output:     
App 1883489 output: app_module = load_app()
App 1883489 output:   File "/opt/passenger/src/helper-scripts/wsgi-loader.py", line 88, in load_app
App 1883489 output:     spec.loader.exec_module(app_module)
App 1883489 output: 
App 1883489 output:   File "<frozen importlib._bootstrap_external>", line 850, in exec_module
App 1883489 output:   File "<frozen importlib._bootstrap>", line 228, in _call_with_frames_removed
App 1883489 output:   File "/home/bizpromy/domains/api-nes.bizpro.my.id/public_html/passenger_wsgi.py", line 1, in <module>
App 1883489 output:     
App 1883489 output: from wsgi import app as application
App 1883489 output:   File "/home/bizpromy/domains/api-nes.bizpro.my.id/public_html/wsgi.py", line 3, in <module>
App 1883489 output:     app = create_app()
App 1883489 output: 
App 1883489 output:   File "/home/bizpromy/domains/api-nes.bizpro.my.id/public_html/app/__init__.py", line 17, in create_app
App 1883489 output:     from .routes import core_services_routes
App 1883489 output:   File "/home/bizpromy/domains/api-nes.bizpro.my.id/public_html/app/routes/core_services_routes.py", line 15
App 1883489 output:     try:
App 1883489 output:     ^
App 1883489 output: IndentationError
App 1883489 output: : expected an indented block
App 1883722 output: Traceback (most recent call last):
App 1883722 output:   File "/opt/passenger/src/helper-scripts/wsgi-loader.py", line 384, in <module>
App 1883722 output:     
App 1883722 output: app_module = load_app()
App 1883722 output:   File "/opt/passenger/src/helper-scripts/wsgi-loader.py", line 88, in load_app
App 1883722 output:     spec.loader.exec_module(app_module)
App 1883722 output:   File "<frozen importlib._bootstrap_external>", line 850, in exec_module
App 1883722 output:   File "<frozen importlib._bootstrap>", line 228, in _call_with_frames_removed
App 1883722 output:   File "/home/bizpromy/domains/api-nes.bizpro.my.id/public_html/passenger_wsgi.py", line 1, in <module>
App 1883722 output:     
App 1883722 output: from wsgi import app as application
App 1883722 output:   File "/home/bizpromy/domains/api-nes.bizpro.my.id/public_html/wsgi.py", line 3, in <module>
App 1883722 output:     
App 1883722 output: app = create_app()
App 1883722 output:   File "/home/bizpromy/domains/api-nes.bizpro.my.id/public_html/app/__init__.py", line 17, in create_app
App 1883722 output:     
App 1883722 output: from .routes import core_services_routes
App 1883722 output:   File "/home/bizpromy/domains/api-nes.bizpro.my.id/public_html/app/routes/core_services_routes.py", line 15
App 1883722 output:     try:
App 1883722 output:     ^
App 1883722 output: IndentationError: expected an indented block
App 1884701 output: Traceback (most recent call last):
App 1884701 output:   File "/opt/passenger/src/helper-scripts/wsgi-loader.py", line 384, in <module>
App 1884701 output:     
App 1884701 output: app_module = load_app()
App 1884701 output:   File "/opt/passenger/src/helper-scripts/wsgi-loader.py", line 88, in load_app
App 1884701 output:     
App 1884701 output: spec.loader.exec_module(app_module)
App 1884701 output:   File "<frozen importlib._bootstrap_external>", line 850, in exec_module
App 1884701 output:   File "<frozen importlib._bootstrap>", line 228, in _call_with_frames_removed
App 1884701 output:   File "/home/bizpromy/domains/api-nes.bizpro.my.id/public_html/passenger_wsgi.py", line 1, in <module>
App 1884701 output:     
App 1884701 output: from wsgi import app as application
App 1884701 output:   File "/home/bizpromy/domains/api-nes.bizpro.my.id/public_html/wsgi.py", line 3, in <module>
App 1884701 output:     
App 1884701 output: app = create_app()
App 1884701 output:   File "/home/bizpromy/domains/api-nes.bizpro.my.id/public_html/app/__init__.py", line 17, in create_app
App 1884701 output:     
App 1884701 output: from .routes import core_services_routes
App 1884701 output:   File "/home/bizpromy/domains/api-nes.bizpro.my.id/public_html/app/routes/core_services_routes.py", line 15
App 1884701 output:     try:
App 1884701 output:     
App 1884701 output: ^
App 1884701 output: IndentationError: expected an indented block
App 1884897 output: Traceback (most recent call last):
App 1884897 output:   File "/opt/passenger/src/helper-scripts/wsgi-loader.py", line 384, in <module>
App 1884897 output:     
App 1884897 output: app_module = load_app()
App 1884897 output:   File "/opt/passenger/src/helper-scripts/wsgi-loader.py", line 88, in load_app
App 1884897 output:     spec.loader.exec_module(app_module)
App 1884897 output: 
App 1884897 output:   File "<frozen importlib._bootstrap_external>", line 850, in exec_module
App 1884897 output:   File "<frozen importlib._bootstrap>", line 228, in _call_with_frames_removed
App 1884897 output:   File "/home/bizpromy/domains/api-nes.bizpro.my.id/public_html/passenger_wsgi.py", line 1, in <module>
App 1884897 output:     
App 1884897 output: from wsgi import app as application
App 1884897 output:   File "/home/bizpromy/domains/api-nes.bizpro.my.id/public_html/wsgi.py", line 3, in <module>
App 1884897 output:     
App 1884897 output: app = create_app()
App 1884897 output:   File "/home/bizpromy/domains/api-nes.bizpro.my.id/public_html/app/__init__.py", line 17, in create_app
App 1884897 output:     
App 1884897 output: from .routes import core_services_routes
App 1884897 output:   File "/home/bizpromy/domains/api-nes.bizpro.my.id/public_html/app/routes/core_services_routes.py", line 15
App 1884897 output:     try:
App 1884897 output:     ^
App 1884897 output: IndentationError: expected an indented block
App 1885375 output: Traceback (most recent call last):
App 1885375 output:   File "/opt/passenger/src/helper-scripts/wsgi-loader.py", line 384, in <module>
App 1885375 output:     
App 1885375 output: app_module = load_app()
App 1885375 output:   File "/opt/passenger/src/helper-scripts/wsgi-loader.py", line 88, in load_app
App 1885375 output:     
App 1885375 output: spec.loader.exec_module(app_module)
App 1885375 output:   File "<frozen importlib._bootstrap_external>", line 850, in exec_module
App 1885375 output:   File "<frozen importlib._bootstrap>", line 228, in _call_with_frames_removed
App 1885375 output:   File "/home/bizpromy/domains/api-nes.bizpro.my.id/public_html/passenger_wsgi.py", line 1, in <module>
App 1885375 output:     from wsgi import app as application
App 1885375 output:   File "/home/bizpromy/domains/api-nes.bizpro.my.id/public_html/wsgi.py", line 3, in <module>
App 1885375 output:     
App 1885375 output: app = create_app()
App 1885375 output:   File "/home/bizpromy/domains/api-nes.bizpro.my.id/public_html/app/__init__.py", line 17, in create_app
App 1885375 output:     
App 1885375 output: from .routes import core_services_routes
App 1885375 output:   File "/home/bizpromy/domains/api-nes.bizpro.my.id/public_html/app/routes/core_services_routes.py", line 15
App 1885375 output:     try:
App 1885375 output:     ^
App 1885375 output: IndentationError: expected an indented block
App 1885520 output: Traceback (most recent call last):
App 1885520 output:   File "/opt/passenger/src/helper-scripts/wsgi-loader.py", line 384, in <module>
App 1885520 output:     
App 1885520 output: app_module = load_app()
App 1885520 output:   File "/opt/passenger/src/helper-scripts/wsgi-loader.py", line 88, in load_app
App 1885520 output:     
App 1885520 output: spec.loader.exec_module(app_module)
App 1885520 output:   File "<frozen importlib._bootstrap_external>", line 850, in exec_module
App 1885520 output:   File "<frozen importlib._bootstrap>", line 228, in _call_with_frames_removed
App 1885520 output:   File "/home/bizpromy/domains/api-nes.bizpro.my.id/public_html/passenger_wsgi.py", line 1, in <module>
App 1885520 output:     
App 1885520 output: from wsgi import app as application
App 1885520 output:   File "/home/bizpromy/domains/api-nes.bizpro.my.id/public_html/wsgi.py", line 3, in <module>
App 1885520 output:     
App 1885520 output: app = create_app()
App 1885520 output:   File "/home/bizpromy/domains/api-nes.bizpro.my.id/public_html/app/__init__.py", line 17, in create_app
App 1885520 output:     
App 1885520 output: from .routes import core_services_routes
App 1885520 output:   File "/home/bizpromy/domains/api-nes.bizpro.my.id/public_html/app/routes/core_services_routes.py", line 15
App 1885520 output:     try:
App 1885520 output:     ^
App 1885520 output: IndentationError: expected an indented block
App 1894868 output: Traceback (most recent call last):
App 1894868 output:   File "/opt/passenger/src/helper-scripts/wsgi-loader.py", line 384, in <module>
App 1894868 output:     
App 1894868 output: app_module = load_app()
App 1894868 output:   File "/opt/passenger/src/helper-scripts/wsgi-loader.py", line 88, in load_app
App 1894868 output:     
App 1894868 output: spec.loader.exec_module(app_module)
App 1894868 output:   File "<frozen importlib._bootstrap_external>", line 850, in exec_module
App 1894868 output:   File "<frozen importlib._bootstrap>", line 228, in _call_with_frames_removed
App 1894868 output:   File "/home/bizpromy/domains/api-nes.bizpro.my.id/public_html/passenger_wsgi.py", line 1, in <module>
App 1894868 output:     
App 1894868 output: from wsgi import app as application
App 1894868 output:   File "/home/bizpromy/domains/api-nes.bizpro.my.id/public_html/wsgi.py", line 3, in <module>
App 1894868 output:     app = create_app()
App 1894868 output: 
App 1894868 output:   File "/home/bizpromy/domains/api-nes.bizpro.my.id/public_html/app/__init__.py", line 17, in create_app
App 1894868 output:     
App 1894868 output: from .routes import core_services_routes
App 1894868 output:   File "/home/bizpromy/domains/api-nes.bizpro.my.id/public_html/app/routes/core_services_routes.py", line 3, in <module>
App 1894868 output:     
App 1894868 output: from app.models.core_services_model import (
App 1894868 output:   File "/home/bizpromy/domains/api-nes.bizpro.my.id/public_html/app/models/core_services_model.py", line 4
App 1894868 output:     db = get_db()
App 1894868 output:     ^
App 1894868 output: IndentationError: expected an indented block
App 1894992 output: Traceback (most recent call last):
App 1894992 output:   File "/opt/passenger/src/helper-scripts/wsgi-loader.py", line 384, in <module>
App 1894992 output:     
App 1894992 output: app_module = load_app()
App 1894992 output:   File "/opt/passenger/src/helper-scripts/wsgi-loader.py", line 88, in load_app
App 1894992 output:     
App 1894992 output: spec.loader.exec_module(app_module)
App 1894992 output:   File "<frozen importlib._bootstrap_external>", line 850, in exec_module
App 1894992 output:   File "<frozen importlib._bootstrap>", line 228, in _call_with_frames_removed
App 1894992 output:   File "/home/bizpromy/domains/api-nes.bizpro.my.id/public_html/passenger_wsgi.py", line 1, in <module>
App 1894992 output:     
App 1894992 output: from wsgi import app as application
App 1894992 output:   File "/home/bizpromy/domains/api-nes.bizpro.my.id/public_html/wsgi.py", line 3, in <module>
App 1894992 output:     
App 1894992 output: app = create_app()
App 1894992 output:   File "/home/bizpromy/domains/api-nes.bizpro.my.id/public_html/app/__init__.py", line 17, in create_app
App 1894992 output:     
App 1894992 output: from .routes import core_services_routes
App 1894992 output:   File "/home/bizpromy/domains/api-nes.bizpro.my.id/public_html/app/routes/core_services_routes.py", line 3, in <module>
App 1894992 output:     from app.models.core_services_model import (
App 1894992 output:   File "/home/bizpromy/domains/api-nes.bizpro.my.id/public_html/app/models/core_services_model.py", line 4
App 1894992 output:     db = get_db()
App 1894992 output:     ^
App 1894992 output: IndentationError: expected an indented block
App 1895248 output: Traceback (most recent call last):
App 1895248 output:   File "/opt/passenger/src/helper-scripts/wsgi-loader.py", line 384, in <module>
App 1895248 output:     
App 1895248 output: app_module = load_app()
App 1895248 output:   File "/opt/passenger/src/helper-scripts/wsgi-loader.py", line 88, in load_app
App 1895248 output:     
App 1895248 output: spec.loader.exec_module(app_module)
App 1895248 output:   File "<frozen importlib._bootstrap_external>", line 850, in exec_module
App 1895248 output:   File "<frozen importlib._bootstrap>", line 228, in _call_with_frames_removed
App 1895248 output:   File "/home/bizpromy/domains/api-nes.bizpro.my.id/public_html/passenger_wsgi.py", line 1, in <module>
App 1895248 output:     
App 1895248 output: from wsgi import app as application
App 1895248 output:   File "/home/bizpromy/domains/api-nes.bizpro.my.id/public_html/wsgi.py", line 3, in <module>
App 1895248 output:     
App 1895248 output: app = create_app()
App 1895248 output:   File "/home/bizpromy/domains/api-nes.bizpro.my.id/public_html/app/__init__.py", line 17, in create_app
App 1895248 output:     
App 1895248 output: from .routes import core_services_routes
App 1895248 output:   File "/home/bizpromy/domains/api-nes.bizpro.my.id/public_html/app/routes/core_services_routes.py", line 3, in <module>
App 1895248 output:     from app.models.core_services_model import (
App 1895248 output:   File "/home/bizpromy/domains/api-nes.bizpro.my.id/public_html/app/models/core_services_model.py", line 4
App 1895248 output:     
App 1895248 output: db = get_db()
App 1895248 output:     ^
App 1895248 output: IndentationError: expected an indented block
App 1895438 output: Traceback (most recent call last):
App 1895438 output:   File "/opt/passenger/src/helper-scripts/wsgi-loader.py", line 384, in <module>
App 1895438 output:     
App 1895438 output: app_module = load_app()
App 1895438 output:   File "/opt/passenger/src/helper-scripts/wsgi-loader.py", line 88, in load_app
App 1895438 output:     
App 1895438 output: spec.loader.exec_module(app_module)
App 1895438 output:   File "<frozen importlib._bootstrap_external>", line 850, in exec_module
App 1895438 output:   File "<frozen importlib._bootstrap>", line 228, in _call_with_frames_removed
App 1895438 output:   File "/home/bizpromy/domains/api-nes.bizpro.my.id/public_html/passenger_wsgi.py", line 1, in <module>
App 1895438 output:     
App 1895438 output: from wsgi import app as application
App 1895438 output:   File "/home/bizpromy/domains/api-nes.bizpro.my.id/public_html/wsgi.py", line 3, in <module>
App 1895438 output:     app = create_app()
App 1895438 output: 
App 1895438 output:   File "/home/bizpromy/domains/api-nes.bizpro.my.id/public_html/app/__init__.py", line 17, in create_app
App 1895438 output:     
App 1895438 output: from .routes import core_services_routes
App 1895438 output:   File "/home/bizpromy/domains/api-nes.bizpro.my.id/public_html/app/routes/core_services_routes.py", line 3, in <module>
App 1895438 output:     from app.models.core_services_model import (
App 1895438 output:   File "/home/bizpromy/domains/api-nes.bizpro.my.id/public_html/app/models/core_services_model.py", line 4
App 1895438 output:     db = get_db()
App 1895438 output:     ^
App 1895438 output: IndentationError: expected an indented block
App 1901180 output: Traceback (most recent call last):
App 1901180 output:   File "/opt/passenger/src/helper-scripts/wsgi-loader.py", line 384, in <module>
App 1901180 output:     app_module = load_app()
App 1901180 output: 
App 1901180 output:   File "/opt/passenger/src/helper-scripts/wsgi-loader.py", line 88, in load_app
App 1901180 output:     
App 1901180 output: spec.loader.exec_module(app_module)
App 1901180 output:   File "<frozen importlib._bootstrap_external>", line 850, in exec_module
App 1901180 output:   File "<frozen importlib._bootstrap>", line 228, in _call_with_frames_removed
App 1901180 output:   File "/home/bizpromy/domains/api-nes.bizpro.my.id/public_html/passenger_wsgi.py", line 1, in <module>
App 1901180 output:     from wsgi import app as application
App 1901180 output: 
App 1901180 output:   File "/home/bizpromy/domains/api-nes.bizpro.my.id/public_html/wsgi.py", line 3, in <module>
App 1901180 output:     app = create_app()
App 1901180 output:   File "/home/bizpromy/domains/api-nes.bizpro.my.id/public_html/app/__init__.py", line 20, in create_app
App 1901180 output:     from .routes import main_services_routes
App 1901180 output: 
App 1901180 output:   File "/home/bizpromy/domains/api-nes.bizpro.my.id/public_html/app/routes/main_services_routes.py", line 15
App 1901180 output:     try:
App 1901180 output:     ^
App 1901180 output: IndentationError: expected an indented block
App 1901180 output: 
App 1901921 output: Traceback (most recent call last):
App 1901921 output:   File "/opt/passenger/src/helper-scripts/wsgi-loader.py", line 384, in <module>
App 1901921 output:     
App 1901921 output: app_module = load_app()
App 1901921 output:   File "/opt/passenger/src/helper-scripts/wsgi-loader.py", line 88, in load_app
App 1901921 output:     
App 1901921 output: spec.loader.exec_module(app_module)
App 1901921 output:   File "<frozen importlib._bootstrap_external>", line 850, in exec_module
App 1901921 output:   File "<frozen importlib._bootstrap>", line 228, in _call_with_frames_removed
App 1901921 output:   File "/home/bizpromy/domains/api-nes.bizpro.my.id/public_html/passenger_wsgi.py", line 1, in <module>
App 1901921 output:     
App 1901921 output: from wsgi import app as application
App 1901921 output:   File "/home/bizpromy/domains/api-nes.bizpro.my.id/public_html/wsgi.py", line 3, in <module>
App 1901921 output:     
App 1901921 output: app = create_app()
App 1901921 output:   File "/home/bizpromy/domains/api-nes.bizpro.my.id/public_html/app/__init__.py", line 20, in create_app
App 1901921 output:     
App 1901921 output: from .routes import main_services_routes
App 1901921 output:   File "/home/bizpromy/domains/api-nes.bizpro.my.id/public_html/app/routes/main_services_routes.py", line 15
App 1901921 output:     try:
App 1901921 output:     ^
App 1901921 output: IndentationError: expected an indented block
App 1902329 output: Traceback (most recent call last):
App 1902329 output:   File "/opt/passenger/src/helper-scripts/wsgi-loader.py", line 384, in <module>
App 1902329 output:     
App 1902329 output: app_module = load_app()
App 1902329 output:   File "/opt/passenger/src/helper-scripts/wsgi-loader.py", line 88, in load_app
App 1902329 output:     
App 1902329 output: spec.loader.exec_module(app_module)
App 1902329 output:   File "<frozen importlib._bootstrap_external>", line 850, in exec_module
App 1902329 output:   File "<frozen importlib._bootstrap>", line 228, in _call_with_frames_removed
App 1902329 output:   File "/home/bizpromy/domains/api-nes.bizpro.my.id/public_html/passenger_wsgi.py", line 1, in <module>
App 1902329 output:     
App 1902329 output: from wsgi import app as application
App 1902329 output:   File "/home/bizpromy/domains/api-nes.bizpro.my.id/public_html/wsgi.py", line 3, in <module>
App 1902329 output:     
App 1902329 output: app = create_app()
App 1902329 output:   File "/home/bizpromy/domains/api-nes.bizpro.my.id/public_html/app/__init__.py", line 20, in create_app
App 1902329 output:     
App 1902329 output: from .routes import main_services_routes
App 1902329 output:   File "/home/bizpromy/domains/api-nes.bizpro.my.id/public_html/app/routes/main_services_routes.py", line 15
App 1902329 output:     try:
App 1902329 output:     ^
App 1902329 output: IndentationError: expected an indented block
App 1902946 output: Traceback (most recent call last):
App 1902946 output:   File "/opt/passenger/src/helper-scripts/wsgi-loader.py", line 384, in <module>
App 1902946 output:     
App 1902946 output: app_module = load_app()
App 1902946 output:   File "/opt/passenger/src/helper-scripts/wsgi-loader.py", line 88, in load_app
App 1902946 output:     
App 1902946 output: spec.loader.exec_module(app_module)
App 1902946 output:   File "<frozen importlib._bootstrap_external>", line 850, in exec_module
App 1902946 output:   File "<frozen importlib._bootstrap>", line 228, in _call_with_frames_removed
App 1902946 output:   File "/home/bizpromy/domains/api-nes.bizpro.my.id/public_html/passenger_wsgi.py", line 1, in <module>
App 1902946 output:     
App 1902946 output: from wsgi import app as application
App 1902946 output:   File "/home/bizpromy/domains/api-nes.bizpro.my.id/public_html/wsgi.py", line 3, in <module>
App 1902946 output:     
App 1902946 output: app = create_app()
App 1902946 output:   File "/home/bizpromy/domains/api-nes.bizpro.my.id/public_html/app/__init__.py", line 20, in create_app
App 1902946 output:     
App 1902946 output: from .routes import main_services_routes
App 1902946 output:   File "/home/bizpromy/domains/api-nes.bizpro.my.id/public_html/app/routes/main_services_routes.py", line 15
App 1902946 output:     try:
App 1902946 output:     ^
App 1902946 output: IndentationError: expected an indented block
App 1903325 output: Traceback (most recent call last):
App 1903325 output:   File "/opt/passenger/src/helper-scripts/wsgi-loader.py", line 384, in <module>
App 1903325 output:     
App 1903325 output: app_module = load_app()
App 1903325 output:   File "/opt/passenger/src/helper-scripts/wsgi-loader.py", line 88, in load_app
App 1903325 output:     
App 1903325 output: spec.loader.exec_module(app_module)
App 1903325 output:   File "<frozen importlib._bootstrap_external>", line 850, in exec_module
App 1903325 output:   File "<frozen importlib._bootstrap>", line 228, in _call_with_frames_removed
App 1903325 output:   File "/home/bizpromy/domains/api-nes.bizpro.my.id/public_html/passenger_wsgi.py", line 1, in <module>
App 1903325 output:     
App 1903325 output: from wsgi import app as application
App 1903325 output:   File "/home/bizpromy/domains/api-nes.bizpro.my.id/public_html/wsgi.py", line 3, in <module>
App 1903325 output:     
App 1903325 output: app = create_app()
App 1903325 output:   File "/home/bizpromy/domains/api-nes.bizpro.my.id/public_html/app/__init__.py", line 20, in create_app
App 1903325 output:     
App 1903325 output: from .routes import main_services_routes
App 1903325 output:   File "/home/bizpromy/domains/api-nes.bizpro.my.id/public_html/app/routes/main_services_routes.py", line 15
App 1903325 output:     try:
App 1903325 output:     ^
App 1903325 output: IndentationError: expected an indented block
App 1909777 output: Traceback (most recent call last):
App 1909777 output:   File "/opt/passenger/src/helper-scripts/wsgi-loader.py", line 384, in <module>
App 1909777 output:     
App 1909777 output: app_module = load_app()
App 1909777 output:   File "/opt/passenger/src/helper-scripts/wsgi-loader.py", line 88, in load_app
App 1909777 output:     
App 1909777 output: spec.loader.exec_module(app_module)
App 1909777 output:   File "<frozen importlib._bootstrap_external>", line 850, in exec_module
App 1909777 output:   File "<frozen importlib._bootstrap>", line 228, in _call_with_frames_removed
App 1909777 output:   File "/home/bizpromy/domains/api-nes.bizpro.my.id/public_html/passenger_wsgi.py", line 1, in <module>
App 1909777 output:     
App 1909777 output: from wsgi import app as application
App 1909777 output:   File "/home/bizpromy/domains/api-nes.bizpro.my.id/public_html/wsgi.py", line 3, in <module>
App 1909777 output:     
App 1909777 output: app = create_app()
App 1909777 output:   File "/home/bizpromy/domains/api-nes.bizpro.my.id/public_html/app/__init__.py", line 20, in create_app
App 1909777 output:     
App 1909777 output: from .routes import main_services_routes
App 1909777 output:   File "/home/bizpromy/domains/api-nes.bizpro.my.id/public_html/app/routes/main_services_routes.py", line 3, in <module>
App 1909777 output:     from app.models.main_services_model import (
App 1909777 output:   File "/home/bizpromy/domains/api-nes.bizpro.my.id/public_html/app/models/main_services_model.py", line 4
App 1909777 output:     db = get_db()
App 1909777 output:     ^
App 1909777 output: IndentationError: expected an indented block
App 1909906 output: Traceback (most recent call last):
App 1909906 output:   File "/opt/passenger/src/helper-scripts/wsgi-loader.py", line 384, in <module>
App 1909906 output:     
App 1909906 output: app_module = load_app()
App 1909906 output:   File "/opt/passenger/src/helper-scripts/wsgi-loader.py", line 88, in load_app
App 1909906 output:     
App 1909906 output: spec.loader.exec_module(app_module)
App 1909906 output:   File "<frozen importlib._bootstrap_external>", line 850, in exec_module
App 1909906 output:   File "<frozen importlib._bootstrap>", line 228, in _call_with_frames_removed
App 1909906 output:   File "/home/bizpromy/domains/api-nes.bizpro.my.id/public_html/passenger_wsgi.py", line 1, in <module>
App 1909906 output:     
App 1909906 output: from wsgi import app as application
App 1909906 output:   File "/home/bizpromy/domains/api-nes.bizpro.my.id/public_html/wsgi.py", line 3, in <module>
App 1909906 output:     app = create_app()
App 1909906 output: 
App 1909906 output:   File "/home/bizpromy/domains/api-nes.bizpro.my.id/public_html/app/__init__.py", line 20, in create_app
App 1909906 output:     
App 1909906 output: from .routes import main_services_routes
App 1909906 output:   File "/home/bizpromy/domains/api-nes.bizpro.my.id/public_html/app/routes/main_services_routes.py", line 3, in <module>
App 1909906 output:     from app.models.main_services_model import (
App 1909906 output:   File "/home/bizpromy/domains/api-nes.bizpro.my.id/public_html/app/models/main_services_model.py", line 4
App 1909906 output:     db = get_db()
App 1909906 output:     ^
App 1909906 output: IndentationError: expected an indented block
App 1919750 output: Traceback (most recent call last):
App 1919750 output:   File "/opt/passenger/src/helper-scripts/wsgi-loader.py", line 384, in <module>
App 1919750 output:     
App 1919750 output: app_module = load_app()
App 1919750 output:   File "/opt/passenger/src/helper-scripts/wsgi-loader.py", line 88, in load_app
App 1919750 output:     spec.loader.exec_module(app_module)
App 1919750 output:   File "<frozen importlib._bootstrap_external>", line 850, in exec_module
App 1919750 output:   File "<frozen importlib._bootstrap>", line 228, in _call_with_frames_removed
App 1919750 output:   File "/home/bizpromy/domains/api-nes.bizpro.my.id/public_html/passenger_wsgi.py", line 1, in <module>
App 1919750 output:     
App 1919750 output: from wsgi import app as application
App 1919750 output:   File "/home/bizpromy/domains/api-nes.bizpro.my.id/public_html/wsgi.py", line 3, in <module>
App 1919750 output:     
App 1919750 output: app = create_app()
App 1919750 output:   File "/home/bizpromy/domains/api-nes.bizpro.my.id/public_html/app/__init__.py", line 26, in create_app
App 1919750 output:     
App 1919750 output: from .routes import home_routes
App 1919750 output: ImportError: cannot import name 'home_routes' from 'app.routes' (/home/bizpromy/domains/api-nes.bizpro.my.id/public_html/app/routes/__init__.py)
App 1919908 output: Traceback (most recent call last):
App 1919908 output:   File "/opt/passenger/src/helper-scripts/wsgi-loader.py", line 384, in <module>
App 1919908 output:     
App 1919908 output: app_module = load_app()
App 1919908 output:   File "/opt/passenger/src/helper-scripts/wsgi-loader.py", line 88, in load_app
App 1919908 output:     
App 1919908 output: spec.loader.exec_module(app_module)
App 1919908 output:   File "<frozen importlib._bootstrap_external>", line 850, in exec_module
App 1919908 output:   File "<frozen importlib._bootstrap>", line 228, in _call_with_frames_removed
App 1919908 output:   File "/home/bizpromy/domains/api-nes.bizpro.my.id/public_html/passenger_wsgi.py", line 1, in <module>
App 1919908 output:     
App 1919908 output: from wsgi import app as application
App 1919908 output:   File "/home/bizpromy/domains/api-nes.bizpro.my.id/public_html/wsgi.py", line 3, in <module>
App 1919908 output:     
App 1919908 output: app = create_app()
App 1919908 output:   File "/home/bizpromy/domains/api-nes.bizpro.my.id/public_html/app/__init__.py", line 26, in create_app
App 1919908 output:     
App 1919908 output: from .routes import home_routes
App 1919908 output: ImportError: cannot import name 'home_routes' from 'app.routes' (/home/bizpromy/domains/api-nes.bizpro.my.id/public_html/app/routes/__init__.py)
App 1920414 output: Traceback (most recent call last):
App 1920414 output:   File "/opt/passenger/src/helper-scripts/wsgi-loader.py", line 384, in <module>
App 1920414 output:     
App 1920414 output: app_module = load_app()
App 1920414 output:   File "/opt/passenger/src/helper-scripts/wsgi-loader.py", line 88, in load_app
App 1920414 output:     
App 1920414 output: spec.loader.exec_module(app_module)
App 1920414 output:   File "<frozen importlib._bootstrap_external>", line 850, in exec_module
App 1920414 output:   File "<frozen importlib._bootstrap>", line 228, in _call_with_frames_removed
App 1920414 output:   File "/home/bizpromy/domains/api-nes.bizpro.my.id/public_html/passenger_wsgi.py", line 1, in <module>
App 1920414 output:     
App 1920414 output: from wsgi import app as application
App 1920414 output:   File "/home/bizpromy/domains/api-nes.bizpro.my.id/public_html/wsgi.py", line 3, in <module>
App 1920414 output:     
App 1920414 output: app = create_app()
App 1920414 output:   File "/home/bizpromy/domains/api-nes.bizpro.my.id/public_html/app/__init__.py", line 26, in create_app
App 1920414 output:     
App 1920414 output: from .routes import home_routes
App 1920414 output: ImportError: cannot import name 'home_routes' from 'app.routes' (/home/bizpromy/domains/api-nes.bizpro.my.id/public_html/app/routes/__init__.py)
App 1920584 output: Traceback (most recent call last):
App 1920584 output:   File "/opt/passenger/src/helper-scripts/wsgi-loader.py", line 384, in <module>
App 1920584 output:     
App 1920584 output: app_module = load_app()
App 1920584 output:   File "/opt/passenger/src/helper-scripts/wsgi-loader.py", line 88, in load_app
App 1920584 output:     
App 1920584 output: spec.loader.exec_module(app_module)
App 1920584 output:   File "<frozen importlib._bootstrap_external>", line 850, in exec_module
App 1920584 output:   File "<frozen importlib._bootstrap>", line 228, in _call_with_frames_removed
App 1920584 output:   File "/home/bizpromy/domains/api-nes.bizpro.my.id/public_html/passenger_wsgi.py", line 1, in <module>
App 1920584 output:     
App 1920584 output: from wsgi import app as application
App 1920584 output:   File "/home/bizpromy/domains/api-nes.bizpro.my.id/public_html/wsgi.py", line 3, in <module>
App 1920584 output:     app = create_app()
App 1920584 output:   File "/home/bizpromy/domains/api-nes.bizpro.my.id/public_html/app/__init__.py", line 26, in create_app
App 1920584 output:     
App 1920584 output: from .routes import home_routes
App 1920584 output: ImportError: cannot import name 'home_routes' from 'app.routes' (/home/bizpromy/domains/api-nes.bizpro.my.id/public_html/app/routes/__init__.py)
App 1926831 output: Traceback (most recent call last):
App 1926831 output:   File "/opt/passenger/src/helper-scripts/wsgi-loader.py", line 384, in <module>
App 1926831 output:     app_module = load_app()
App 1926831 output: 
App 1926831 output:   File "/opt/passenger/src/helper-scripts/wsgi-loader.py", line 88, in load_app
App 1926831 output:     spec.loader.exec_module(app_module)
App 1926831 output: 
App 1926831 output:   File "<frozen importlib._bootstrap_external>", line 850, in exec_module
App 1926831 output:   File "<frozen importlib._bootstrap>", line 228, in _call_with_frames_removed
App 1926831 output:   File "/home/bizpromy/domains/api-nes.bizpro.my.id/public_html/passenger_wsgi.py", line 1, in <module>
App 1926831 output:     
App 1926831 output: from wsgi import app as application
App 1926831 output:   File "/home/bizpromy/domains/api-nes.bizpro.my.id/public_html/wsgi.py", line 3, in <module>
App 1926831 output:     
App 1926831 output: app = create_app()
App 1926831 output:   File "/home/bizpromy/domains/api-nes.bizpro.my.id/public_html/app/__init__.py", line 26, in create_app
App 1926831 output:     
App 1926831 output: from .routes import home_routes
App 1926831 output: ImportError: cannot import name 'home_routes' from 'app.routes' (/home/bizpromy/domains/api-nes.bizpro.my.id/public_html/app/routes/__init__.py)
App 1926960 output: Traceback (most recent call last):
App 1926960 output:   File "/opt/passenger/src/helper-scripts/wsgi-loader.py", line 384, in <module>
App 1926960 output:     app_module = load_app()
App 1926960 output: 
App 1926960 output:   File "/opt/passenger/src/helper-scripts/wsgi-loader.py", line 88, in load_app
App 1926960 output:     
App 1926960 output: spec.loader.exec_module(app_module)
App 1926960 output:   File "<frozen importlib._bootstrap_external>", line 850, in exec_module
App 1926960 output:   File "<frozen importlib._bootstrap>", line 228, in _call_with_frames_removed
App 1926960 output:   File "/home/bizpromy/domains/api-nes.bizpro.my.id/public_html/passenger_wsgi.py", line 1, in <module>
App 1926960 output:     from wsgi import app as application
App 1926960 output: 
App 1926960 output:   File "/home/bizpromy/domains/api-nes.bizpro.my.id/public_html/wsgi.py", line 3, in <module>
App 1926960 output:     app = create_app()
App 1926960 output:   File "/home/bizpromy/domains/api-nes.bizpro.my.id/public_html/app/__init__.py", line 26, in create_app
App 1926960 output:     
App 1926960 output: from .routes import home_routes
App 1926960 output: ImportError: cannot import name 'home_routes' from 'app.routes' (/home/bizpromy/domains/api-nes.bizpro.my.id/public_html/app/routes/__init__.py)
App 1927110 output: Traceback (most recent call last):
App 1927110 output:   File "/opt/passenger/src/helper-scripts/wsgi-loader.py", line 384, in <module>
App 1927110 output:     
App 1927110 output: app_module = load_app()
App 1927110 output:   File "/opt/passenger/src/helper-scripts/wsgi-loader.py", line 88, in load_app
App 1927110 output:     
App 1927110 output: spec.loader.exec_module(app_module)
App 1927110 output:   File "<frozen importlib._bootstrap_external>", line 850, in exec_module
App 1927110 output:   File "<frozen importlib._bootstrap>", line 228, in _call_with_frames_removed
App 1927110 output:   File "/home/bizpromy/domains/api-nes.bizpro.my.id/public_html/passenger_wsgi.py", line 1, in <module>
App 1927110 output:     
App 1927110 output: from wsgi import app as application
App 1927110 output:   File "/home/bizpromy/domains/api-nes.bizpro.my.id/public_html/wsgi.py", line 3, in <module>
App 1927110 output:     app = create_app()
App 1927110 output: 
App 1927110 output:   File "/home/bizpromy/domains/api-nes.bizpro.my.id/public_html/app/__init__.py", line 26, in create_app
App 1927110 output:     from .routes import home_routes
App 1927110 output: 
App 1927110 output: ImportError: cannot import name 'home_routes' from 'app.routes' (/home/bizpromy/domains/api-nes.bizpro.my.id/public_html/app/routes/__init__.py)
App 1927225 output: Traceback (most recent call last):
App 1927225 output:   File "/opt/passenger/src/helper-scripts/wsgi-loader.py", line 384, in <module>
App 1927225 output:     
App 1927225 output: app_module = load_app()
App 1927225 output:   File "/opt/passenger/src/helper-scripts/wsgi-loader.py", line 88, in load_app
App 1927225 output:     spec.loader.exec_module(app_module)
App 1927225 output: 
App 1927225 output:   File "<frozen importlib._bootstrap_external>", line 850, in exec_module
App 1927225 output:   File "<frozen importlib._bootstrap>", line 228, in _call_with_frames_removed
App 1927225 output:   File "/home/bizpromy/domains/api-nes.bizpro.my.id/public_html/passenger_wsgi.py", line 1, in <module>
App 1927225 output:     from wsgi import app as application
App 1927225 output: 
App 1927225 output:   File "/home/bizpromy/domains/api-nes.bizpro.my.id/public_html/wsgi.py", line 3, in <module>
App 1927225 output:     app = create_app()
App 1927225 output:   File "/home/bizpromy/domains/api-nes.bizpro.my.id/public_html/app/__init__.py", line 26, in create_app
App 1927225 output:     from .routes import home_routes
App 1927225 output: ImportError: cannot import name 'home_routes' from 'app.routes' (/home/bizpromy/domains/api-nes.bizpro.my.id/public_html/app/routes/__init__.py)
App 1927550 output: Traceback (most recent call last):
App 1927550 output:   File "/opt/passenger/src/helper-scripts/wsgi-loader.py", line 384, in <module>
App 1927550 output:     
App 1927550 output: app_module = load_app()
App 1927550 output:   File "/opt/passenger/src/helper-scripts/wsgi-loader.py", line 88, in load_app
App 1927550 output:     
App 1927550 output: spec.loader.exec_module(app_module)
App 1927550 output:   File "<frozen importlib._bootstrap_external>", line 850, in exec_module
App 1927550 output:   File "<frozen importlib._bootstrap>", line 228, in _call_with_frames_removed
App 1927550 output:   File "/home/bizpromy/domains/api-nes.bizpro.my.id/public_html/passenger_wsgi.py", line 1, in <module>
App 1927550 output:     
App 1927550 output: from wsgi import app as application
App 1927550 output:   File "/home/bizpromy/domains/api-nes.bizpro.my.id/public_html/wsgi.py", line 3, in <module>
App 1927550 output:     
App 1927550 output: app = create_app()
App 1927550 output:   File "/home/bizpromy/domains/api-nes.bizpro.my.id/public_html/app/__init__.py", line 26, in create_app
App 1927550 output:     
App 1927550 output: from .routes import service_overview_routes
App 1927550 output:   File "/home/bizpromy/domains/api-nes.bizpro.my.id/public_html/app/routes/service_overview_routes.py", line 15
App 1927550 output:     try:
App 1927550 output:     ^
App 1927550 output: IndentationError: expected an indented block
App 1927661 output: Traceback (most recent call last):
App 1927661 output:   File "/opt/passenger/src/helper-scripts/wsgi-loader.py", line 384, in <module>
App 1927661 output:     
App 1927661 output: app_module = load_app()
App 1927661 output:   File "/opt/passenger/src/helper-scripts/wsgi-loader.py", line 88, in load_app
App 1927661 output:     
App 1927661 output: spec.loader.exec_module(app_module)
App 1927661 output:   File "<frozen importlib._bootstrap_external>", line 850, in exec_module
App 1927661 output:   File "<frozen importlib._bootstrap>", line 228, in _call_with_frames_removed
App 1927661 output:   File "/home/bizpromy/domains/api-nes.bizpro.my.id/public_html/passenger_wsgi.py", line 1, in <module>
App 1927661 output:     
App 1927661 output: from wsgi import app as application
App 1927661 output:   File "/home/bizpromy/domains/api-nes.bizpro.my.id/public_html/wsgi.py", line 3, in <module>
App 1927661 output:     
App 1927661 output: app = create_app()
App 1927661 output:   File "/home/bizpromy/domains/api-nes.bizpro.my.id/public_html/app/__init__.py", line 26, in create_app
App 1927661 output:     
App 1927661 output: from .routes import service_overview_routes
App 1927661 output:   File "/home/bizpromy/domains/api-nes.bizpro.my.id/public_html/app/routes/service_overview_routes.py", line 15
App 1927661 output:     try:
App 1927661 output:     ^
App 1927661 output: IndentationError: expected an indented block
App 1928080 output: Traceback (most recent call last):
App 1928080 output:   File "/opt/passenger/src/helper-scripts/wsgi-loader.py", line 384, in <module>
App 1928080 output:     app_module = load_app()
App 1928080 output: 
App 1928080 output:   File "/opt/passenger/src/helper-scripts/wsgi-loader.py", line 88, in load_app
App 1928080 output:     spec.loader.exec_module(app_module)
App 1928080 output:   File "<frozen importlib._bootstrap_external>", line 850, in exec_module
App 1928080 output:   File "<frozen importlib._bootstrap>", line 228, in _call_with_frames_removed
App 1928080 output:   File "/home/bizpromy/domains/api-nes.bizpro.my.id/public_html/passenger_wsgi.py", line 1, in <module>
App 1928080 output:     
App 1928080 output: from wsgi import app as application
App 1928080 output:   File "/home/bizpromy/domains/api-nes.bizpro.my.id/public_html/wsgi.py", line 3, in <module>
App 1928080 output:     
App 1928080 output: app = create_app()
App 1928080 output:   File "/home/bizpromy/domains/api-nes.bizpro.my.id/public_html/app/__init__.py", line 26, in create_app
App 1928080 output:     
App 1928080 output: from .routes import service_overview_routes
App 1928080 output:   File "/home/bizpromy/domains/api-nes.bizpro.my.id/public_html/app/routes/service_overview_routes.py", line 15
App 1928080 output:     try:
App 1928080 output:     
App 1928080 output: ^
App 1928080 output: IndentationError: expected an indented block
App 1934762 output: Traceback (most recent call last):
App 1934762 output:   File "/opt/passenger/src/helper-scripts/wsgi-loader.py", line 384, in <module>
App 1934762 output:     
App 1934762 output: app_module = load_app()
App 1934762 output:   File "/opt/passenger/src/helper-scripts/wsgi-loader.py", line 88, in load_app
App 1934762 output:     
App 1934762 output: spec.loader.exec_module(app_module)
App 1934762 output:   File "<frozen importlib._bootstrap_external>", line 850, in exec_module
App 1934762 output:   File "<frozen importlib._bootstrap>", line 228, in _call_with_frames_removed
App 1934762 output:   File "/home/bizpromy/domains/api-nes.bizpro.my.id/public_html/passenger_wsgi.py", line 1, in <module>
App 1934762 output:     
App 1934762 output: from wsgi import app as application
App 1934762 output:   File "/home/bizpromy/domains/api-nes.bizpro.my.id/public_html/wsgi.py", line 3, in <module>
App 1934762 output:     
App 1934762 output: app = create_app()
App 1934762 output:   File "/home/bizpromy/domains/api-nes.bizpro.my.id/public_html/app/__init__.py", line 26, in create_app
App 1934762 output:     from .routes import service_overview_routes
App 1934762 output: 
App 1934762 output:   File "/home/bizpromy/domains/api-nes.bizpro.my.id/public_html/app/routes/service_overview_routes.py", line 3, in <module>
App 1934762 output:     from app.models.service_overview_model import (
App 1934762 output:   File "/home/bizpromy/domains/api-nes.bizpro.my.id/public_html/app/models/service_overview_model.py", line 4
App 1934762 output:     db = get_db()
App 1934762 output:     ^
App 1934762 output: IndentationError: expected an indented block
App 1934936 output: Traceback (most recent call last):
App 1934936 output:   File "/opt/passenger/src/helper-scripts/wsgi-loader.py", line 384, in <module>
App 1934936 output:     
App 1934936 output: app_module = load_app()
App 1934936 output:   File "/opt/passenger/src/helper-scripts/wsgi-loader.py", line 88, in load_app
App 1934936 output:     
App 1934936 output: spec.loader.exec_module(app_module)
App 1934936 output:   File "<frozen importlib._bootstrap_external>", line 850, in exec_module
App 1934936 output:   File "<frozen importlib._bootstrap>", line 228, in _call_with_frames_removed
App 1934936 output:   File "/home/bizpromy/domains/api-nes.bizpro.my.id/public_html/passenger_wsgi.py", line 1, in <module>
App 1934936 output:     
App 1934936 output: from wsgi import app as application
App 1934936 output:   File "/home/bizpromy/domains/api-nes.bizpro.my.id/public_html/wsgi.py", line 3, in <module>
App 1934936 output:     
App 1934936 output: app = create_app()
App 1934936 output:   File "/home/bizpromy/domains/api-nes.bizpro.my.id/public_html/app/__init__.py", line 26, in create_app
App 1934936 output:     
App 1934936 output: from .routes import service_overview_routes
App 1934936 output:   File "/home/bizpromy/domains/api-nes.bizpro.my.id/public_html/app/routes/service_overview_routes.py", line 3, in <module>
App 1934936 output:     from app.models.service_overview_model import (
App 1934936 output:   File "/home/bizpromy/domains/api-nes.bizpro.my.id/public_html/app/models/service_overview_model.py", line 4
App 1934936 output:     db = get_db()
App 1934936 output:     ^
App 1934936 output: IndentationError: expected an indented block
App 2004032 output: [ pid=2004032, time=2025-06-19 13:31:29,145 ]: WSGI application raised an exception!
App 2004032 output: Traceback (most recent call last):
App 2004032 output:   File "/home/bizpromy/virtualenv/domains/api-nes.bizpro.my.id/public_html/3.9/lib64/python3.9/site-packages/mysql/connector/connection_cext.py", line 354, in _open_connection
App 2004032 output:     self._cmysql.connect(**cnx_kwargs)
App 2004032 output: _mysql_connector.MySQLInterfaceError: Access denied for user 'bizpromy_nesweb'@'127.0.0.1' (using password: YES)
App 2004032 output: 
App 2004032 output: The above exception was the direct cause of the following exception:
App 2004032 output: 
App 2004032 output: Traceback (most recent call last):
App 2004032 output:   File "/opt/passenger/src/helper-scripts/wsgi-loader.py", line 216, in main_loop
App 2004032 output:     socket_hijacked = self.process_request(env, input_stream, client)
App 2004032 output:   File "/opt/passenger/src/helper-scripts/wsgi-loader.py", line 348, in process_request
App 2004032 output:     result = self.app(env, start_response)
App 2004032 output:   File "/home/bizpromy/virtualenv/domains/api-nes.bizpro.my.id/public_html/3.9/lib/python3.9/site-packages/flask/app.py", line 1536, in __call__
App 2004032 output:     return self.wsgi_app(environ, start_response)
App 2004032 output:   File "/home/bizpromy/virtualenv/domains/api-nes.bizpro.my.id/public_html/3.9/lib/python3.9/site-packages/flask/app.py", line 1514, in wsgi_app
App 2004032 output:     response = self.handle_exception(e)
App 2004032 output:   File "/home/bizpromy/virtualenv/domains/api-nes.bizpro.my.id/public_html/3.9/lib/python3.9/site-packages/flask_cors/extension.py", line 176, in wrapped_function
App 2004032 output:     return cors_after_request(app.make_response(f(*args, **kwargs)))
App 2004032 output:   File "/home/bizpromy/virtualenv/domains/api-nes.bizpro.my.id/public_html/3.9/lib/python3.9/site-packages/flask/app.py", line 1511, in wsgi_app
App 2004032 output:     response = self.full_dispatch_request()
App 2004032 output:   File "/home/bizpromy/virtualenv/domains/api-nes.bizpro.my.id/public_html/3.9/lib/python3.9/site-packages/flask/app.py", line 919, in full_dispatch_request
App 2004032 output:     rv = self.handle_user_exception(e)
App 2004032 output:   File "/home/bizpromy/virtualenv/domains/api-nes.bizpro.my.id/public_html/3.9/lib/python3.9/site-packages/flask_cors/extension.py", line 176, in wrapped_function
App 2004032 output:     return cors_after_request(app.make_response(f(*args, **kwargs)))
App 2004032 output:   File "/home/bizpromy/virtualenv/domains/api-nes.bizpro.my.id/public_html/3.9/lib/python3.9/site-packages/flask/app.py", line 917, in full_dispatch_request
App 2004032 output:     rv = self.dispatch_request()
App 2004032 output:   File "/home/bizpromy/virtualenv/domains/api-nes.bizpro.my.id/public_html/3.9/lib/python3.9/site-packages/flask/app.py", line 902, in dispatch_request
App 2004032 output:     return self.ensure_sync(self.view_functions[rule.endpoint])(**view_args)  # type: ignore[no-any-return]
App 2004032 output:   File "/home/bizpromy/domains/api-nes.bizpro.my.id/public_html/app/routes/vision_mission_routes.py", line 8, in get_vision_mission
App 2004032 output:     db = get_db()
App 2004032 output:   File "/home/bizpromy/domains/api-nes.bizpro.my.id/public_html/app/utils/db.py", line 6, in get_db
App 2004032 output:     g.db = mysql.connector.connect(
App 2004032 output:   File "/home/bizpromy/virtualenv/domains/api-nes.bizpro.my.id/public_html/3.9/lib64/python3.9/site-packages/mysql/connector/pooling.py", line 322, in connect
App 2004032 output:     return CMySQLConnection(*args, **kwargs)
App 2004032 output:   File "/home/bizpromy/virtualenv/domains/api-nes.bizpro.my.id/public_html/3.9/lib64/python3.9/site-packages/mysql/connector/connection_cext.py", line 142, in __init__
App 2004032 output:     self.connect(**kwargs)
App 2004032 output:   File "/home/bizpromy/virtualenv/domains/api-nes.bizpro.my.id/public_html/3.9/lib64/python3.9/site-packages/mysql/connector/abstracts.py", line 1605, in connect
App 2004032 output:     self._open_connection()
App 2004032 output:   File "/home/bizpromy/virtualenv/domains/api-nes.bizpro.my.id/public_html/3.9/lib64/python3.9/site-packages/mysql/connector/connection_cext.py", line 360, in _open_connection
App 2004032 output:     raise get_mysql_exception(
App 2004032 output: mysql.connector.errors.ProgrammingError: 1045 (28000): Access denied for user 'bizpromy_nesweb'@'127.0.0.1' (using password: YES)
App 2010445 output: [ pid=2010445, time=2025-06-19 13:32:42,990 ]: WSGI application raised an exception!
App 2010445 output: Traceback (most recent call last):
App 2010445 output:   File "/home/bizpromy/virtualenv/domains/api-nes.bizpro.my.id/public_html/3.9/lib64/python3.9/site-packages/mysql/connector/connection_cext.py", line 354, in _open_connection
App 2010445 output:     self._cmysql.connect(**cnx_kwargs)
App 2010445 output: _mysql_connector.MySQLInterfaceError: Access denied for user 'bizpromy_nesweb'@'127.0.0.1' (using password: YES)
App 2010445 output: 
App 2010445 output: The above exception was the direct cause of the following exception:
App 2010445 output: 
App 2010445 output: Traceback (most recent call last):
App 2010445 output:   File "/opt/passenger/src/helper-scripts/wsgi-loader.py", line 216, in main_loop
App 2010445 output:     socket_hijacked = self.process_request(env, input_stream, client)
App 2010445 output:   File "/opt/passenger/src/helper-scripts/wsgi-loader.py", line 348, in process_request
App 2010445 output:     result = self.app(env, start_response)
App 2010445 output:   File "/home/bizpromy/virtualenv/domains/api-nes.bizpro.my.id/public_html/3.9/lib/python3.9/site-packages/flask/app.py", line 1536, in __call__
App 2010445 output:     return self.wsgi_app(environ, start_response)
App 2010445 output:   File "/home/bizpromy/virtualenv/domains/api-nes.bizpro.my.id/public_html/3.9/lib/python3.9/site-packages/flask/app.py", line 1514, in wsgi_app
App 2010445 output:     response = self.handle_exception(e)
App 2010445 output:   File "/home/bizpromy/virtualenv/domains/api-nes.bizpro.my.id/public_html/3.9/lib/python3.9/site-packages/flask_cors/extension.py", line 176, in wrapped_function
App 2010445 output:     return cors_after_request(app.make_response(f(*args, **kwargs)))
App 2010445 output:   File "/home/bizpromy/virtualenv/domains/api-nes.bizpro.my.id/public_html/3.9/lib/python3.9/site-packages/flask/app.py", line 1511, in wsgi_app
App 2010445 output:     response = self.full_dispatch_request()
App 2010445 output:   File "/home/bizpromy/virtualenv/domains/api-nes.bizpro.my.id/public_html/3.9/lib/python3.9/site-packages/flask/app.py", line 919, in full_dispatch_request
App 2010445 output:     rv = self.handle_user_exception(e)
App 2010445 output:   File "/home/bizpromy/virtualenv/domains/api-nes.bizpro.my.id/public_html/3.9/lib/python3.9/site-packages/flask_cors/extension.py", line 176, in wrapped_function
App 2010445 output:     return cors_after_request(app.make_response(f(*args, **kwargs)))
App 2010445 output:   File "/home/bizpromy/virtualenv/domains/api-nes.bizpro.my.id/public_html/3.9/lib/python3.9/site-packages/flask/app.py", line 917, in full_dispatch_request
App 2010445 output:     rv = self.dispatch_request()
App 2010445 output:   File "/home/bizpromy/virtualenv/domains/api-nes.bizpro.my.id/public_html/3.9/lib/python3.9/site-packages/flask/app.py", line 902, in dispatch_request
App 2010445 output:     return self.ensure_sync(self.view_functions[rule.endpoint])(**view_args)  # type: ignore[no-any-return]
App 2010445 output:   File "/home/bizpromy/domains/api-nes.bizpro.my.id/public_html/app/routes/vision_mission_routes.py", line 8, in get_vision_mission
App 2010445 output:     db = get_db()
App 2010445 output:   File "/home/bizpromy/domains/api-nes.bizpro.my.id/public_html/app/utils/db.py", line 6, in get_db
App 2010445 output:     g.db = mysql.connector.connect(
App 2010445 output:   File "/home/bizpromy/virtualenv/domains/api-nes.bizpro.my.id/public_html/3.9/lib64/python3.9/site-packages/mysql/connector/pooling.py", line 322, in connect
App 2010445 output:     return CMySQLConnection(*args, **kwargs)
App 2010445 output:   File "/home/bizpromy/virtualenv/domains/api-nes.bizpro.my.id/public_html/3.9/lib64/python3.9/site-packages/mysql/connector/connection_cext.py", line 142, in __init__
App 2010445 output:     self.connect(**kwargs)
App 2010445 output:   File "/home/bizpromy/virtualenv/domains/api-nes.bizpro.my.id/public_html/3.9/lib64/python3.9/site-packages/mysql/connector/abstracts.py", line 1605, in connect
App 2010445 output:     self._open_connection()
App 2010445 output:   File "/home/bizpromy/virtualenv/domains/api-nes.bizpro.my.id/public_html/3.9/lib64/python3.9/site-packages/mysql/connector/connection_cext.py", line 360, in _open_connection
App 2010445 output:     raise get_mysql_exception(
App 2010445 output: mysql.connector.errors.ProgrammingError: 1045 (28000): Access denied for user 'bizpromy_nesweb'@'127.0.0.1' (using password: YES)
App 2048329 output: [ pid=2048329, time=2025-06-19 13:40:01,706 ]: WSGI application raised an exception!
App 2048329 output: Traceback (most recent call last):
App 2048329 output:   File "/home/bizpromy/virtualenv/domains/api-nes.bizpro.my.id/public_html/3.9/lib64/python3.9/site-packages/mysql/connector/connection_cext.py", line 354, in _open_connection
App 2048329 output:     self._cmysql.connect(**cnx_kwargs)
App 2048329 output: _mysql_connector.MySQLInterfaceError: Access denied for user 'bizpromy_nesweb'@'127.0.0.1' (using password: YES)
App 2048329 output: 
App 2048329 output: The above exception was the direct cause of the following exception:
App 2048329 output: 
App 2048329 output: Traceback (most recent call last):
App 2048329 output:   File "/opt/passenger/src/helper-scripts/wsgi-loader.py", line 216, in main_loop
App 2048329 output:     socket_hijacked = self.process_request(env, input_stream, client)
App 2048329 output:   File "/opt/passenger/src/helper-scripts/wsgi-loader.py", line 348, in process_request
App 2048329 output:     result = self.app(env, start_response)
App 2048329 output:   File "/home/bizpromy/virtualenv/domains/api-nes.bizpro.my.id/public_html/3.9/lib/python3.9/site-packages/flask/app.py", line 1536, in __call__
App 2048329 output:     return self.wsgi_app(environ, start_response)
App 2048329 output:   File "/home/bizpromy/virtualenv/domains/api-nes.bizpro.my.id/public_html/3.9/lib/python3.9/site-packages/flask/app.py", line 1514, in wsgi_app
App 2048329 output:     response = self.handle_exception(e)
App 2048329 output:   File "/home/bizpromy/virtualenv/domains/api-nes.bizpro.my.id/public_html/3.9/lib/python3.9/site-packages/flask_cors/extension.py", line 176, in wrapped_function
App 2048329 output:     return cors_after_request(app.make_response(f(*args, **kwargs)))
App 2048329 output:   File "/home/bizpromy/virtualenv/domains/api-nes.bizpro.my.id/public_html/3.9/lib/python3.9/site-packages/flask/app.py", line 1511, in wsgi_app
App 2048329 output:     response = self.full_dispatch_request()
App 2048329 output:   File "/home/bizpromy/virtualenv/domains/api-nes.bizpro.my.id/public_html/3.9/lib/python3.9/site-packages/flask/app.py", line 919, in full_dispatch_request
App 2048329 output:     rv = self.handle_user_exception(e)
App 2048329 output:   File "/home/bizpromy/virtualenv/domains/api-nes.bizpro.my.id/public_html/3.9/lib/python3.9/site-packages/flask_cors/extension.py", line 176, in wrapped_function
App 2048329 output:     return cors_after_request(app.make_response(f(*args, **kwargs)))
App 2048329 output:   File "/home/bizpromy/virtualenv/domains/api-nes.bizpro.my.id/public_html/3.9/lib/python3.9/site-packages/flask/app.py", line 917, in full_dispatch_request
App 2048329 output:     rv = self.dispatch_request()
App 2048329 output:   File "/home/bizpromy/virtualenv/domains/api-nes.bizpro.my.id/public_html/3.9/lib/python3.9/site-packages/flask/app.py", line 902, in dispatch_request
App 2048329 output:     return self.ensure_sync(self.view_functions[rule.endpoint])(**view_args)  # type: ignore[no-any-return]
App 2048329 output:   File "/home/bizpromy/domains/api-nes.bizpro.my.id/public_html/app/routes/contact_locations_routes.py", line 14, in get_all_locations
App 2048329 output:     data = get_all_active_locations()
App 2048329 output:   File "/home/bizpromy/domains/api-nes.bizpro.my.id/public_html/app/models/contact_locations_model.py", line 4, in get_all_active_locations
App 2048329 output:     db = get_db()
App 2048329 output:   File "/home/bizpromy/domains/api-nes.bizpro.my.id/public_html/app/utils/db.py", line 6, in get_db
App 2048329 output:     g.db = mysql.connector.connect(
App 2048329 output:   File "/home/bizpromy/virtualenv/domains/api-nes.bizpro.my.id/public_html/3.9/lib64/python3.9/site-packages/mysql/connector/pooling.py", line 322, in connect
App 2048329 output:     return CMySQLConnection(*args, **kwargs)
App 2048329 output:   File "/home/bizpromy/virtualenv/domains/api-nes.bizpro.my.id/public_html/3.9/lib64/python3.9/site-packages/mysql/connector/connection_cext.py", line 142, in __init__
App 2048329 output:     self.connect(**kwargs)
App 2048329 output:   File "/home/bizpromy/virtualenv/domains/api-nes.bizpro.my.id/public_html/3.9/lib64/python3.9/site-packages/mysql/connector/abstracts.py", line 1605, in connect
App 2048329 output:     self._open_connection()
App 2048329 output:   File "/home/bizpromy/virtualenv/domains/api-nes.bizpro.my.id/public_html/3.9/lib64/python3.9/site-packages/mysql/connector/connection_cext.py", line 360, in _open_connection
App 2048329 output:     raise get_mysql_exception(
App 2048329 output: mysql.connector.errors.ProgrammingError: 1045 (28000): Access denied for user 'bizpromy_nesweb'@'127.0.0.1' (using password: YES)
App 2048329 output: [ pid=2048329, time=2025-06-19 13:40:01,736 ]: WSGI application raised an exception!
App 2048329 output: Traceback (most recent call last):
App 2048329 output:   File "/home/bizpromy/virtualenv/domains/api-nes.bizpro.my.id/public_html/3.9/lib64/python3.9/site-packages/mysql/connector/connection_cext.py", line 354, in _open_connection
App 2048329 output:     self._cmysql.connect(**cnx_kwargs)
App 2048329 output: _mysql_connector.MySQLInterfaceError: Access denied for user 'bizpromy_nesweb'@'127.0.0.1' (using password: YES)
App 2048329 output: 
App 2048329 output: The above exception was the direct cause of the following exception:
App 2048329 output: 
App 2048329 output: Traceback (most recent call last):
App 2048329 output:   File "/opt/passenger/src/helper-scripts/wsgi-loader.py", line 216, in main_loop
App 2048329 output:     socket_hijacked = self.process_request(env, input_stream, client)
App 2048329 output:   File "/opt/passenger/src/helper-scripts/wsgi-loader.py", line 348, in process_request
App 2048329 output:     result = self.app(env, start_response)
App 2048329 output:   File "/home/bizpromy/virtualenv/domains/api-nes.bizpro.my.id/public_html/3.9/lib/python3.9/site-packages/flask/app.py", line 1536, in __call__
App 2048329 output:     return self.wsgi_app(environ, start_response)
App 2048329 output:   File "/home/bizpromy/virtualenv/domains/api-nes.bizpro.my.id/public_html/3.9/lib/python3.9/site-packages/flask/app.py", line 1514, in wsgi_app
App 2048329 output:     response = self.handle_exception(e)
App 2048329 output:   File "/home/bizpromy/virtualenv/domains/api-nes.bizpro.my.id/public_html/3.9/lib/python3.9/site-packages/flask_cors/extension.py", line 176, in wrapped_function
App 2048329 output:     return cors_after_request(app.make_response(f(*args, **kwargs)))
App 2048329 output:   File "/home/bizpromy/virtualenv/domains/api-nes.bizpro.my.id/public_html/3.9/lib/python3.9/site-packages/flask/app.py", line 1511, in wsgi_app
App 2048329 output:     response = self.full_dispatch_request()
App 2048329 output:   File "/home/bizpromy/virtualenv/domains/api-nes.bizpro.my.id/public_html/3.9/lib/python3.9/site-packages/flask/app.py", line 919, in full_dispatch_request
App 2048329 output:     rv = self.handle_user_exception(e)
App 2048329 output:   File "/home/bizpromy/virtualenv/domains/api-nes.bizpro.my.id/public_html/3.9/lib/python3.9/site-packages/flask_cors/extension.py", line 176, in wrapped_function
App 2048329 output:     return cors_after_request(app.make_response(f(*args, **kwargs)))
App 2048329 output:   File "/home/bizpromy/virtualenv/domains/api-nes.bizpro.my.id/public_html/3.9/lib/python3.9/site-packages/flask/app.py", line 917, in full_dispatch_request
App 2048329 output:     rv = self.dispatch_request()
App 2048329 output:   File "/home/bizpromy/virtualenv/domains/api-nes.bizpro.my.id/public_html/3.9/lib/python3.9/site-packages/flask/app.py", line 902, in dispatch_request
App 2048329 output:     return self.ensure_sync(self.view_functions[rule.endpoint])(**view_args)  # type: ignore[no-any-return]
App 2048329 output:   File "/home/bizpromy/domains/api-nes.bizpro.my.id/public_html/app/routes/career_section_routes.py", line 10, in get_career_section
App 2048329 output:     db = get_db()
App 2048329 output:   File "/home/bizpromy/domains/api-nes.bizpro.my.id/public_html/app/utils/db.py", line 6, in get_db
App 2048329 output:     g.db = mysql.connector.connect(
App 2048329 output:   File "/home/bizpromy/virtualenv/domains/api-nes.bizpro.my.id/public_html/3.9/lib64/python3.9/site-packages/mysql/connector/pooling.py", line 322, in connect
App 2048329 output:     return CMySQLConnection(*args, **kwargs)
App 2048329 output:   File "/home/bizpromy/virtualenv/domains/api-nes.bizpro.my.id/public_html/3.9/lib64/python3.9/site-packages/mysql/connector/connection_cext.py", line 142, in __init__
App 2048329 output:     self.connect(**kwargs)
App 2048329 output:   File "/home/bizpromy/virtualenv/domains/api-nes.bizpro.my.id/public_html/3.9/lib64/python3.9/site-packages/mysql/connector/abstracts.py", line 1605, in connect
App 2048329 output:     self._open_connection()
App 2048329 output:   File "/home/bizpromy/virtualenv/domains/api-nes.bizpro.my.id/public_html/3.9/lib64/python3.9/site-packages/mysql/connector/connection_cext.py", line 360, in _open_connection
App 2048329 output:     raise get_mysql_exception(
App 2048329 output: mysql.connector.errors.ProgrammingError: 1045 (28000): Access denied for user 'bizpromy_nesweb'@'127.0.0.1' (using password: YES)
App 2235892 output: [ pid=2235892, time=2025-06-19 14:29:39,476 ]: WSGI application raised an exception!
App 2235892 output: Traceback (most recent call last):
App 2235892 output:   File "/home/bizpromy/virtualenv/domains/api-nes.bizpro.my.id/public_html/3.9/lib64/python3.9/site-packages/mysql/connector/connection_cext.py", line 354, in _open_connection
App 2235892 output:     self._cmysql.connect(**cnx_kwargs)
App 2235892 output: _mysql_connector.MySQLInterfaceError: Access denied for user 'bizpromy_nesweb'@'127.0.0.1' (using password: YES)
App 2235892 output: 
App 2235892 output: The above exception was the direct cause of the following exception:
App 2235892 output: 
App 2235892 output: Traceback (most recent call last):
App 2235892 output:   File "/opt/passenger/src/helper-scripts/wsgi-loader.py", line 216, in main_loop
App 2235892 output:     socket_hijacked = self.process_request(env, input_stream, client)
App 2235892 output:   File "/opt/passenger/src/helper-scripts/wsgi-loader.py", line 348, in process_request
App 2235892 output:     result = self.app(env, start_response)
App 2235892 output:   File "/home/bizpromy/virtualenv/domains/api-nes.bizpro.my.id/public_html/3.9/lib/python3.9/site-packages/flask/app.py", line 1536, in __call__
App 2235892 output:     return self.wsgi_app(environ, start_response)
App 2235892 output:   File "/home/bizpromy/virtualenv/domains/api-nes.bizpro.my.id/public_html/3.9/lib/python3.9/site-packages/flask/app.py", line 1514, in wsgi_app
App 2235892 output:     response = self.handle_exception(e)
App 2235892 output:   File "/home/bizpromy/virtualenv/domains/api-nes.bizpro.my.id/public_html/3.9/lib/python3.9/site-packages/flask_cors/extension.py", line 176, in wrapped_function
App 2235892 output:     return cors_after_request(app.make_response(f(*args, **kwargs)))
App 2235892 output:   File "/home/bizpromy/virtualenv/domains/api-nes.bizpro.my.id/public_html/3.9/lib/python3.9/site-packages/flask/app.py", line 1511, in wsgi_app
App 2235892 output:     response = self.full_dispatch_request()
App 2235892 output:   File "/home/bizpromy/virtualenv/domains/api-nes.bizpro.my.id/public_html/3.9/lib/python3.9/site-packages/flask/app.py", line 919, in full_dispatch_request
App 2235892 output:     rv = self.handle_user_exception(e)
App 2235892 output:   File "/home/bizpromy/virtualenv/domains/api-nes.bizpro.my.id/public_html/3.9/lib/python3.9/site-packages/flask_cors/extension.py", line 176, in wrapped_function
App 2235892 output:     return cors_after_request(app.make_response(f(*args, **kwargs)))
App 2235892 output:   File "/home/bizpromy/virtualenv/domains/api-nes.bizpro.my.id/public_html/3.9/lib/python3.9/site-packages/flask/app.py", line 917, in full_dispatch_request
App 2235892 output:     rv = self.dispatch_request()
App 2235892 output:   File "/home/bizpromy/virtualenv/domains/api-nes.bizpro.my.id/public_html/3.9/lib/python3.9/site-packages/flask/app.py", line 902, in dispatch_request
App 2235892 output:     return self.ensure_sync(self.view_functions[rule.endpoint])(**view_args)  # type: ignore[no-any-return]
App 2235892 output:   File "/home/bizpromy/domains/api-nes.bizpro.my.id/public_html/app/routes/career_section_routes.py", line 10, in get_career_section
App 2235892 output:     db = get_db()
App 2235892 output:   File "/home/bizpromy/domains/api-nes.bizpro.my.id/public_html/app/utils/db.py", line 6, in get_db
App 2235892 output:     g.db = mysql.connector.connect(
App 2235892 output:   File "/home/bizpromy/virtualenv/domains/api-nes.bizpro.my.id/public_html/3.9/lib64/python3.9/site-packages/mysql/connector/pooling.py", line 322, in connect
App 2235892 output:     return CMySQLConnection(*args, **kwargs)
App 2235892 output:   File "/home/bizpromy/virtualenv/domains/api-nes.bizpro.my.id/public_html/3.9/lib64/python3.9/site-packages/mysql/connector/connection_cext.py", line 142, in __init__
App 2235892 output:     self.connect(**kwargs)
App 2235892 output:   File "/home/bizpromy/virtualenv/domains/api-nes.bizpro.my.id/public_html/3.9/lib64/python3.9/site-packages/mysql/connector/abstracts.py", line 1605, in connect
App 2235892 output:     self._open_connection()
App 2235892 output:   File "/home/bizpromy/virtualenv/domains/api-nes.bizpro.my.id/public_html/3.9/lib64/python3.9/site-packages/mysql/connector/connection_cext.py", line 360, in _open_connection
App 2235892 output:     raise get_mysql_exception(
App 2235892 output: mysql.connector.errors.ProgrammingError: 1045 (28000): Access denied for user 'bizpromy_nesweb'@'127.0.0.1' (using password: YES)
App 2235892 output: [ pid=2235892, time=2025-06-19 14:29:42,636 ]: WSGI application raised an exception!
App 2235892 output: Traceback (most recent call last):
App 2235892 output:   File "/home/bizpromy/virtualenv/domains/api-nes.bizpro.my.id/public_html/3.9/lib64/python3.9/site-packages/mysql/connector/connection_cext.py", line 354, in _open_connection
App 2235892 output:     self._cmysql.connect(**cnx_kwargs)
App 2235892 output: _mysql_connector.MySQLInterfaceError: Access denied for user 'bizpromy_nesweb'@'127.0.0.1' (using password: YES)
App 2235892 output: 
App 2235892 output: The above exception was the direct cause of the following exception:
App 2235892 output: 
App 2235892 output: Traceback (most recent call last):
App 2235892 output:   File "/opt/passenger/src/helper-scripts/wsgi-loader.py", line 216, in main_loop
App 2235892 output:     socket_hijacked = self.process_request(env, input_stream, client)
App 2235892 output:   File "/opt/passenger/src/helper-scripts/wsgi-loader.py", line 348, in process_request
App 2235892 output:     result = self.app(env, start_response)
App 2235892 output:   File "/home/bizpromy/virtualenv/domains/api-nes.bizpro.my.id/public_html/3.9/lib/python3.9/site-packages/flask/app.py", line 1536, in __call__
App 2235892 output:     return self.wsgi_app(environ, start_response)
App 2235892 output:   File "/home/bizpromy/virtualenv/domains/api-nes.bizpro.my.id/public_html/3.9/lib/python3.9/site-packages/flask/app.py", line 1514, in wsgi_app
App 2235892 output:     response = self.handle_exception(e)
App 2235892 output:   File "/home/bizpromy/virtualenv/domains/api-nes.bizpro.my.id/public_html/3.9/lib/python3.9/site-packages/flask_cors/extension.py", line 176, in wrapped_function
App 2235892 output:     return cors_after_request(app.make_response(f(*args, **kwargs)))
App 2235892 output:   File "/home/bizpromy/virtualenv/domains/api-nes.bizpro.my.id/public_html/3.9/lib/python3.9/site-packages/flask/app.py", line 1511, in wsgi_app
App 2235892 output:     response = self.full_dispatch_request()
App 2235892 output:   File "/home/bizpromy/virtualenv/domains/api-nes.bizpro.my.id/public_html/3.9/lib/python3.9/site-packages/flask/app.py", line 919, in full_dispatch_request
App 2235892 output:     rv = self.handle_user_exception(e)
App 2235892 output:   File "/home/bizpromy/virtualenv/domains/api-nes.bizpro.my.id/public_html/3.9/lib/python3.9/site-packages/flask_cors/extension.py", line 176, in wrapped_function
App 2235892 output:     return cors_after_request(app.make_response(f(*args, **kwargs)))
App 2235892 output:   File "/home/bizpromy/virtualenv/domains/api-nes.bizpro.my.id/public_html/3.9/lib/python3.9/site-packages/flask/app.py", line 917, in full_dispatch_request
App 2235892 output:     rv = self.dispatch_request()
App 2235892 output:   File "/home/bizpromy/virtualenv/domains/api-nes.bizpro.my.id/public_html/3.9/lib/python3.9/site-packages/flask/app.py", line 902, in dispatch_request
App 2235892 output:     return self.ensure_sync(self.view_functions[rule.endpoint])(**view_args)  # type: ignore[no-any-return]
App 2235892 output:   File "/home/bizpromy/domains/api-nes.bizpro.my.id/public_html/app/routes/career_section_routes.py", line 10, in get_career_section
App 2235892 output:     db = get_db()
App 2235892 output:   File "/home/bizpromy/domains/api-nes.bizpro.my.id/public_html/app/utils/db.py", line 6, in get_db
App 2235892 output:     g.db = mysql.connector.connect(
App 2235892 output:   File "/home/bizpromy/virtualenv/domains/api-nes.bizpro.my.id/public_html/3.9/lib64/python3.9/site-packages/mysql/connector/pooling.py", line 322, in connect
App 2235892 output:     return CMySQLConnection(*args, **kwargs)
App 2235892 output:   File "/home/bizpromy/virtualenv/domains/api-nes.bizpro.my.id/public_html/3.9/lib64/python3.9/site-packages/mysql/connector/connection_cext.py", line 142, in __init__
App 2235892 output:     self.connect(**kwargs)
App 2235892 output:   File "/home/bizpromy/virtualenv/domains/api-nes.bizpro.my.id/public_html/3.9/lib64/python3.9/site-packages/mysql/connector/abstracts.py", line 1605, in connect
App 2235892 output:     self._open_connection()
App 2235892 output:   File "/home/bizpromy/virtualenv/domains/api-nes.bizpro.my.id/public_html/3.9/lib64/python3.9/site-packages/mysql/connector/connection_cext.py", line 360, in _open_connection
App 2235892 output:     raise get_mysql_exception(
App 2235892 output: mysql.connector.errors.ProgrammingError: 1045 (28000): Access denied for user 'bizpromy_nesweb'@'127.0.0.1' (using password: YES)
App 2235892 output: [ pid=2235892, time=2025-06-19 14:29:43,809 ]: WSGI application raised an exception!
App 2235892 output: Traceback (most recent call last):
App 2235892 output:   File "/home/bizpromy/virtualenv/domains/api-nes.bizpro.my.id/public_html/3.9/lib64/python3.9/site-packages/mysql/connector/connection_cext.py", line 354, in _open_connection
App 2235892 output:     self._cmysql.connect(**cnx_kwargs)
App 2235892 output: _mysql_connector.MySQLInterfaceError: Access denied for user 'bizpromy_nesweb'@'127.0.0.1' (using password: YES)
App 2235892 output: 
App 2235892 output: The above exception was the direct cause of the following exception:
App 2235892 output: 
App 2235892 output: Traceback (most recent call last):
App 2235892 output:   File "/opt/passenger/src/helper-scripts/wsgi-loader.py", line 216, in main_loop
App 2235892 output:     socket_hijacked = self.process_request(env, input_stream, client)
App 2235892 output:   File "/opt/passenger/src/helper-scripts/wsgi-loader.py", line 348, in process_request
App 2235892 output:     result = self.app(env, start_response)
App 2235892 output:   File "/home/bizpromy/virtualenv/domains/api-nes.bizpro.my.id/public_html/3.9/lib/python3.9/site-packages/flask/app.py", line 1536, in __call__
App 2235892 output:     return self.wsgi_app(environ, start_response)
App 2235892 output:   File "/home/bizpromy/virtualenv/domains/api-nes.bizpro.my.id/public_html/3.9/lib/python3.9/site-packages/flask/app.py", line 1514, in wsgi_app
App 2235892 output:     response = self.handle_exception(e)
App 2235892 output:   File "/home/bizpromy/virtualenv/domains/api-nes.bizpro.my.id/public_html/3.9/lib/python3.9/site-packages/flask_cors/extension.py", line 176, in wrapped_function
App 2235892 output:     return cors_after_request(app.make_response(f(*args, **kwargs)))
App 2235892 output:   File "/home/bizpromy/virtualenv/domains/api-nes.bizpro.my.id/public_html/3.9/lib/python3.9/site-packages/flask/app.py", line 1511, in wsgi_app
App 2235892 output:     response = self.full_dispatch_request()
App 2235892 output:   File "/home/bizpromy/virtualenv/domains/api-nes.bizpro.my.id/public_html/3.9/lib/python3.9/site-packages/flask/app.py", line 919, in full_dispatch_request
App 2235892 output:     rv = self.handle_user_exception(e)
App 2235892 output:   File "/home/bizpromy/virtualenv/domains/api-nes.bizpro.my.id/public_html/3.9/lib/python3.9/site-packages/flask_cors/extension.py", line 176, in wrapped_function
App 2235892 output:     return cors_after_request(app.make_response(f(*args, **kwargs)))
App 2235892 output:   File "/home/bizpromy/virtualenv/domains/api-nes.bizpro.my.id/public_html/3.9/lib/python3.9/site-packages/flask/app.py", line 917, in full_dispatch_request
App 2235892 output:     rv = self.dispatch_request()
App 2235892 output:   File "/home/bizpromy/virtualenv/domains/api-nes.bizpro.my.id/public_html/3.9/lib/python3.9/site-packages/flask/app.py", line 902, in dispatch_request
App 2235892 output:     return self.ensure_sync(self.view_functions[rule.endpoint])(**view_args)  # type: ignore[no-any-return]
App 2235892 output:   File "/home/bizpromy/domains/api-nes.bizpro.my.id/public_html/app/routes/career_section_routes.py", line 10, in get_career_section
App 2235892 output:     db = get_db()
App 2235892 output:   File "/home/bizpromy/domains/api-nes.bizpro.my.id/public_html/app/utils/db.py", line 6, in get_db
App 2235892 output:     g.db = mysql.connector.connect(
App 2235892 output:   File "/home/bizpromy/virtualenv/domains/api-nes.bizpro.my.id/public_html/3.9/lib64/python3.9/site-packages/mysql/connector/pooling.py", line 322, in connect
App 2235892 output:     return CMySQLConnection(*args, **kwargs)
App 2235892 output:   File "/home/bizpromy/virtualenv/domains/api-nes.bizpro.my.id/public_html/3.9/lib64/python3.9/site-packages/mysql/connector/connection_cext.py", line 142, in __init__
App 2235892 output:     self.connect(**kwargs)
App 2235892 output:   File "/home/bizpromy/virtualenv/domains/api-nes.bizpro.my.id/public_html/3.9/lib64/python3.9/site-packages/mysql/connector/abstracts.py", line 1605, in connect
App 2235892 output:     self._open_connection()
App 2235892 output:   File "/home/bizpromy/virtualenv/domains/api-nes.bizpro.my.id/public_html/3.9/lib64/python3.9/site-packages/mysql/connector/connection_cext.py", line 360, in _open_connection
App 2235892 output:     raise get_mysql_exception(
App 2235892 output: mysql.connector.errors.ProgrammingError: 1045 (28000): Access denied for user 'bizpromy_nesweb'@'127.0.0.1' (using password: YES)
App 2235892 output: [ pid=2235892, time=2025-06-19 14:29:44,874 ]: WSGI application raised an exception!
App 2235892 output: Traceback (most recent call last):
App 2235892 output:   File "/home/bizpromy/virtualenv/domains/api-nes.bizpro.my.id/public_html/3.9/lib64/python3.9/site-packages/mysql/connector/connection_cext.py", line 354, in _open_connection
App 2235892 output:     self._cmysql.connect(**cnx_kwargs)
App 2235892 output: _mysql_connector.MySQLInterfaceError: Access denied for user 'bizpromy_nesweb'@'127.0.0.1' (using password: YES)
App 2235892 output: 
App 2235892 output: The above exception was the direct cause of the following exception:
App 2235892 output: 
App 2235892 output: Traceback (most recent call last):
App 2235892 output:   File "/opt/passenger/src/helper-scripts/wsgi-loader.py", line 216, in main_loop
App 2235892 output:     socket_hijacked = self.process_request(env, input_stream, client)
App 2235892 output:   File "/opt/passenger/src/helper-scripts/wsgi-loader.py", line 348, in process_request
App 2235892 output:     result = self.app(env, start_response)
App 2235892 output:   File "/home/bizpromy/virtualenv/domains/api-nes.bizpro.my.id/public_html/3.9/lib/python3.9/site-packages/flask/app.py", line 1536, in __call__
App 2235892 output:     return self.wsgi_app(environ, start_response)
App 2235892 output:   File "/home/bizpromy/virtualenv/domains/api-nes.bizpro.my.id/public_html/3.9/lib/python3.9/site-packages/flask/app.py", line 1514, in wsgi_app
App 2235892 output:     response = self.handle_exception(e)
App 2235892 output:   File "/home/bizpromy/virtualenv/domains/api-nes.bizpro.my.id/public_html/3.9/lib/python3.9/site-packages/flask_cors/extension.py", line 176, in wrapped_function
App 2235892 output:     return cors_after_request(app.make_response(f(*args, **kwargs)))
App 2235892 output:   File "/home/bizpromy/virtualenv/domains/api-nes.bizpro.my.id/public_html/3.9/lib/python3.9/site-packages/flask/app.py", line 1511, in wsgi_app
App 2235892 output:     response = self.full_dispatch_request()
App 2235892 output:   File "/home/bizpromy/virtualenv/domains/api-nes.bizpro.my.id/public_html/3.9/lib/python3.9/site-packages/flask/app.py", line 919, in full_dispatch_request
App 2235892 output:     rv = self.handle_user_exception(e)
App 2235892 output:   File "/home/bizpromy/virtualenv/domains/api-nes.bizpro.my.id/public_html/3.9/lib/python3.9/site-packages/flask_cors/extension.py", line 176, in wrapped_function
App 2235892 output:     return cors_after_request(app.make_response(f(*args, **kwargs)))
App 2235892 output:   File "/home/bizpromy/virtualenv/domains/api-nes.bizpro.my.id/public_html/3.9/lib/python3.9/site-packages/flask/app.py", line 917, in full_dispatch_request
App 2235892 output:     rv = self.dispatch_request()
App 2235892 output:   File "/home/bizpromy/virtualenv/domains/api-nes.bizpro.my.id/public_html/3.9/lib/python3.9/site-packages/flask/app.py", line 902, in dispatch_request
App 2235892 output:     return self.ensure_sync(self.view_functions[rule.endpoint])(**view_args)  # type: ignore[no-any-return]
App 2235892 output:   File "/home/bizpromy/domains/api-nes.bizpro.my.id/public_html/app/routes/career_section_routes.py", line 10, in get_career_section
App 2235892 output:     db = get_db()
App 2235892 output:   File "/home/bizpromy/domains/api-nes.bizpro.my.id/public_html/app/utils/db.py", line 6, in get_db
App 2235892 output:     g.db = mysql.connector.connect(
App 2235892 output:   File "/home/bizpromy/virtualenv/domains/api-nes.bizpro.my.id/public_html/3.9/lib64/python3.9/site-packages/mysql/connector/pooling.py", line 322, in connect
App 2235892 output:     return CMySQLConnection(*args, **kwargs)
App 2235892 output:   File "/home/bizpromy/virtualenv/domains/api-nes.bizpro.my.id/public_html/3.9/lib64/python3.9/site-packages/mysql/connector/connection_cext.py", line 142, in __init__
App 2235892 output:     self.connect(**kwargs)
App 2235892 output:   File "/home/bizpromy/virtualenv/domains/api-nes.bizpro.my.id/public_html/3.9/lib64/python3.9/site-packages/mysql/connector/abstracts.py", line 1605, in connect
App 2235892 output:     self._open_connection()
App 2235892 output:   File "/home/bizpromy/virtualenv/domains/api-nes.bizpro.my.id/public_html/3.9/lib64/python3.9/site-packages/mysql/connector/connection_cext.py", line 360, in _open_connection
App 2235892 output:     raise get_mysql_exception(
App 2235892 output: mysql.connector.errors.ProgrammingError: 1045 (28000): Access denied for user 'bizpromy_nesweb'@'127.0.0.1' (using password: YES)
App 2235892 output: [ pid=2235892, time=2025-06-19 14:29:45,714 ]: WSGI application raised an exception!
App 2235892 output: Traceback (most recent call last):
App 2235892 output:   File "/home/bizpromy/virtualenv/domains/api-nes.bizpro.my.id/public_html/3.9/lib64/python3.9/site-packages/mysql/connector/connection_cext.py", line 354, in _open_connection
App 2235892 output:     self._cmysql.connect(**cnx_kwargs)
App 2235892 output: _mysql_connector.MySQLInterfaceError: Access denied for user 'bizpromy_nesweb'@'127.0.0.1' (using password: YES)
App 2235892 output: 
App 2235892 output: The above exception was the direct cause of the following exception:
App 2235892 output: 
App 2235892 output: Traceback (most recent call last):
App 2235892 output:   File "/opt/passenger/src/helper-scripts/wsgi-loader.py", line 216, in main_loop
App 2235892 output:     socket_hijacked = self.process_request(env, input_stream, client)
App 2235892 output:   File "/opt/passenger/src/helper-scripts/wsgi-loader.py", line 348, in process_request
App 2235892 output:     result = self.app(env, start_response)
App 2235892 output:   File "/home/bizpromy/virtualenv/domains/api-nes.bizpro.my.id/public_html/3.9/lib/python3.9/site-packages/flask/app.py", line 1536, in __call__
App 2235892 output:     return self.wsgi_app(environ, start_response)
App 2235892 output:   File "/home/bizpromy/virtualenv/domains/api-nes.bizpro.my.id/public_html/3.9/lib/python3.9/site-packages/flask/app.py", line 1514, in wsgi_app
App 2235892 output:     response = self.handle_exception(e)
App 2235892 output:   File "/home/bizpromy/virtualenv/domains/api-nes.bizpro.my.id/public_html/3.9/lib/python3.9/site-packages/flask_cors/extension.py", line 176, in wrapped_function
App 2235892 output:     return cors_after_request(app.make_response(f(*args, **kwargs)))
App 2235892 output:   File "/home/bizpromy/virtualenv/domains/api-nes.bizpro.my.id/public_html/3.9/lib/python3.9/site-packages/flask/app.py", line 1511, in wsgi_app
App 2235892 output:     response = self.full_dispatch_request()
App 2235892 output:   File "/home/bizpromy/virtualenv/domains/api-nes.bizpro.my.id/public_html/3.9/lib/python3.9/site-packages/flask/app.py", line 919, in full_dispatch_request
App 2235892 output:     rv = self.handle_user_exception(e)
App 2235892 output:   File "/home/bizpromy/virtualenv/domains/api-nes.bizpro.my.id/public_html/3.9/lib/python3.9/site-packages/flask_cors/extension.py", line 176, in wrapped_function
App 2235892 output:     return cors_after_request(app.make_response(f(*args, **kwargs)))
App 2235892 output:   File "/home/bizpromy/virtualenv/domains/api-nes.bizpro.my.id/public_html/3.9/lib/python3.9/site-packages/flask/app.py", line 917, in full_dispatch_request
App 2235892 output:     rv = self.dispatch_request()
App 2235892 output:   File "/home/bizpromy/virtualenv/domains/api-nes.bizpro.my.id/public_html/3.9/lib/python3.9/site-packages/flask/app.py", line 902, in dispatch_request
App 2235892 output:     return self.ensure_sync(self.view_functions[rule.endpoint])(**view_args)  # type: ignore[no-any-return]
App 2235892 output:   File "/home/bizpromy/domains/api-nes.bizpro.my.id/public_html/app/routes/career_section_routes.py", line 10, in get_career_section
App 2235892 output:     db = get_db()
App 2235892 output:   File "/home/bizpromy/domains/api-nes.bizpro.my.id/public_html/app/utils/db.py", line 6, in get_db
App 2235892 output:     g.db = mysql.connector.connect(
App 2235892 output:   File "/home/bizpromy/virtualenv/domains/api-nes.bizpro.my.id/public_html/3.9/lib64/python3.9/site-packages/mysql/connector/pooling.py", line 322, in connect
App 2235892 output:     return CMySQLConnection(*args, **kwargs)
App 2235892 output:   File "/home/bizpromy/virtualenv/domains/api-nes.bizpro.my.id/public_html/3.9/lib64/python3.9/site-packages/mysql/connector/connection_cext.py", line 142, in __init__
App 2235892 output:     self.connect(**kwargs)
App 2235892 output:   File "/home/bizpromy/virtualenv/domains/api-nes.bizpro.my.id/public_html/3.9/lib64/python3.9/site-packages/mysql/connector/abstracts.py", line 1605, in connect
App 2235892 output:     self._open_connection()
App 2235892 output:   File "/home/bizpromy/virtualenv/domains/api-nes.bizpro.my.id/public_html/3.9/lib64/python3.9/site-packages/mysql/connector/connection_cext.py", line 360, in _open_connection
App 2235892 output:     raise get_mysql_exception(
App 2235892 output: mysql.connector.errors.ProgrammingError: 1045 (28000): Access denied for user 'bizpromy_nesweb'@'127.0.0.1' (using password: YES)
App 2826572 output: Traceback (most recent call last):
App 2826572 output:   File "/opt/passenger/src/helper-scripts/wsgi-loader.py", line 384, in <module>
App 2826572 output:     app_module = load_app()
App 2826572 output:   File "/opt/passenger/src/helper-scripts/wsgi-loader.py", line 88, in load_app
App 2826572 output:     spec.loader.exec_module(app_module)
App 2826572 output:   File "<frozen importlib._bootstrap_external>", line 850, in exec_module
App 2826572 output:   File "<frozen importlib._bootstrap>", line 228, in _call_with_frames_removed
App 2826572 output:   File "/home/bizpromy/domains/api-nes.bizpro.my.id/public_html/passenger_wsgi.py", line 1, in <module>
App 2826572 output:     
App 2826572 output: from wsgi import app as application
App 2826572 output:   File "/home/bizpromy/domains/api-nes.bizpro.my.id/public_html/wsgi.py", line 3, in <module>
App 2826572 output:     
App 2826572 output: app = create_app()
App 2826572 output:   File "/home/bizpromy/domains/api-nes.bizpro.my.id/public_html/app/__init__.py", line 29, in create_app
App 2826572 output:     
App 2826572 output: from .routes import vision_mission_routes
App 2826572 output: ImportError: cannot import name 'vision_mission_routes' from 'app.routes' (/home/bizpromy/domains/api-nes.bizpro.my.id/public_html/app/routes/__init__.py)
App 2828603 output: Traceback (most recent call last):
App 2828603 output:   File "/opt/passenger/src/helper-scripts/wsgi-loader.py", line 384, in <module>
App 2828603 output:     
App 2828603 output: app_module = load_app()
App 2828603 output:   File "/opt/passenger/src/helper-scripts/wsgi-loader.py", line 88, in load_app
App 2828603 output:     
App 2828603 output: spec.loader.exec_module(app_module)
App 2828603 output:   File "<frozen importlib._bootstrap_external>", line 850, in exec_module
App 2828603 output:   File "<frozen importlib._bootstrap>", line 228, in _call_with_frames_removed
App 2828603 output:   File "/home/bizpromy/domains/api-nes.bizpro.my.id/public_html/passenger_wsgi.py", line 1, in <module>
App 2828603 output:     
App 2828603 output: from wsgi import app as application
App 2828603 output:   File "/home/bizpromy/domains/api-nes.bizpro.my.id/public_html/wsgi.py", line 3, in <module>
App 2828603 output:     
App 2828603 output: app = create_app()
App 2828603 output:   File "/home/bizpromy/domains/api-nes.bizpro.my.id/public_html/app/__init__.py", line 29, in create_app
App 2828603 output:     
App 2828603 output: from .routes import vision_mission_routes
App 2828603 output: ImportError: cannot import name 'vision_mission_routes' from 'app.routes' (/home/bizpromy/domains/api-nes.bizpro.my.id/public_html/app/routes/__init__.py)
App 2829072 output: Traceback (most recent call last):
App 2829072 output:   File "/opt/passenger/src/helper-scripts/wsgi-loader.py", line 384, in <module>
App 2829072 output:     
App 2829072 output: app_module = load_app()
App 2829072 output:   File "/opt/passenger/src/helper-scripts/wsgi-loader.py", line 88, in load_app
App 2829072 output:     
App 2829072 output: spec.loader.exec_module(app_module)
App 2829072 output:   File "<frozen importlib._bootstrap_external>", line 850, in exec_module
App 2829072 output:   File "<frozen importlib._bootstrap>", line 228, in _call_with_frames_removed
App 2829072 output:   File "/home/bizpromy/domains/api-nes.bizpro.my.id/public_html/passenger_wsgi.py", line 1, in <module>
App 2829072 output:     
App 2829072 output: from wsgi import app as application
App 2829072 output:   File "/home/bizpromy/domains/api-nes.bizpro.my.id/public_html/wsgi.py", line 3, in <module>
App 2829072 output:     
App 2829072 output: app = create_app()
App 2829072 output:   File "/home/bizpromy/domains/api-nes.bizpro.my.id/public_html/app/__init__.py", line 29, in create_app
App 2829072 output:     
App 2829072 output: from .routes import vision_mission_routes
App 2829072 output: ImportError: cannot import name 'vision_mission_routes' from 'app.routes' (/home/bizpromy/domains/api-nes.bizpro.my.id/public_html/app/routes/__init__.py)
App 2829257 output: Traceback (most recent call last):
App 2829257 output:   File "/opt/passenger/src/helper-scripts/wsgi-loader.py", line 384, in <module>
App 2829257 output:     
App 2829257 output: app_module = load_app()
App 2829257 output:   File "/opt/passenger/src/helper-scripts/wsgi-loader.py", line 88, in load_app
App 2829257 output:     
App 2829257 output: spec.loader.exec_module(app_module)
App 2829257 output:   File "<frozen importlib._bootstrap_external>", line 850, in exec_module
App 2829257 output:   File "<frozen importlib._bootstrap>", line 228, in _call_with_frames_removed
App 2829257 output:   File "/home/bizpromy/domains/api-nes.bizpro.my.id/public_html/passenger_wsgi.py", line 1, in <module>
App 2829257 output:     
App 2829257 output: from wsgi import app as application
App 2829257 output:   File "/home/bizpromy/domains/api-nes.bizpro.my.id/public_html/wsgi.py", line 3, in <module>
App 2829257 output:     
App 2829257 output: app = create_app()
App 2829257 output:   File "/home/bizpromy/domains/api-nes.bizpro.my.id/public_html/app/__init__.py", line 29, in create_app
App 2829257 output:     
App 2829257 output: from .routes import vision_mission_routes
App 2829257 output: ImportError: cannot import name 'vision_mission_routes' from 'app.routes' (/home/bizpromy/domains/api-nes.bizpro.my.id/public_html/app/routes/__init__.py)
App 2830220 output: Traceback (most recent call last):
App 2830220 output:   File "/opt/passenger/src/helper-scripts/wsgi-loader.py", line 384, in <module>
App 2830220 output:     
App 2830220 output: app_module = load_app()
App 2830220 output:   File "/opt/passenger/src/helper-scripts/wsgi-loader.py", line 88, in load_app
App 2830220 output:     
App 2830220 output: spec.loader.exec_module(app_module)
App 2830220 output:   File "<frozen importlib._bootstrap_external>", line 850, in exec_module
App 2830220 output:   File "<frozen importlib._bootstrap>", line 228, in _call_with_frames_removed
App 2830220 output:   File "/home/bizpromy/domains/api-nes.bizpro.my.id/public_html/passenger_wsgi.py", line 1, in <module>
App 2830220 output:     
App 2830220 output: from wsgi import app as application
App 2830220 output:   File "/home/bizpromy/domains/api-nes.bizpro.my.id/public_html/wsgi.py", line 3, in <module>
App 2830220 output:     
App 2830220 output: app = create_app()
App 2830220 output:   File "/home/bizpromy/domains/api-nes.bizpro.my.id/public_html/app/__init__.py", line 29, in create_app
App 2830220 output:     
App 2830220 output: from .routes import vision_mission_routes
App 2830220 output: ImportError: cannot import name 'vision_mission_routes' from 'app.routes' (/home/bizpromy/domains/api-nes.bizpro.my.id/public_html/app/routes/__init__.py)
App 2830458 output: Traceback (most recent call last):
App 2830458 output:   File "/opt/passenger/src/helper-scripts/wsgi-loader.py", line 384, in <module>
App 2830458 output:     
App 2830458 output: app_module = load_app()
App 2830458 output:   File "/opt/passenger/src/helper-scripts/wsgi-loader.py", line 88, in load_app
App 2830458 output:     
App 2830458 output: spec.loader.exec_module(app_module)
App 2830458 output:   File "<frozen importlib._bootstrap_external>", line 850, in exec_module
App 2830458 output:   File "<frozen importlib._bootstrap>", line 228, in _call_with_frames_removed
App 2830458 output:   File "/home/bizpromy/domains/api-nes.bizpro.my.id/public_html/passenger_wsgi.py", line 1, in <module>
App 2830458 output:     
App 2830458 output: from wsgi import app as application
App 2830458 output:   File "/home/bizpromy/domains/api-nes.bizpro.my.id/public_html/wsgi.py", line 3, in <module>
App 2830458 output:     
App 2830458 output: app = create_app()
App 2830458 output:   File "/home/bizpromy/domains/api-nes.bizpro.my.id/public_html/app/__init__.py", line 29, in create_app
App 2830458 output:     
App 2830458 output: from .routes import vision_mission_routes
App 2830458 output: ImportError: cannot import name 'vision_mission_routes' from 'app.routes' (/home/bizpromy/domains/api-nes.bizpro.my.id/public_html/app/routes/__init__.py)
App 2830656 output: Traceback (most recent call last):
App 2830656 output:   File "/opt/passenger/src/helper-scripts/wsgi-loader.py", line 384, in <module>
App 2830656 output:     app_module = load_app()
App 2830656 output: 
App 2830656 output:   File "/opt/passenger/src/helper-scripts/wsgi-loader.py", line 88, in load_app
App 2830656 output:     spec.loader.exec_module(app_module)
App 2830656 output:   File "<frozen importlib._bootstrap_external>", line 850, in exec_module
App 2830656 output:   File "<frozen importlib._bootstrap>", line 228, in _call_with_frames_removed
App 2830656 output:   File "/home/bizpromy/domains/api-nes.bizpro.my.id/public_html/passenger_wsgi.py", line 1, in <module>
App 2830656 output:     
App 2830656 output: from wsgi import app as application
App 2830656 output:   File "/home/bizpromy/domains/api-nes.bizpro.my.id/public_html/wsgi.py", line 3, in <module>
App 2830656 output:     
App 2830656 output: app = create_app()
App 2830656 output:   File "/home/bizpromy/domains/api-nes.bizpro.my.id/public_html/app/__init__.py", line 29, in create_app
App 2830656 output:     
App 2830656 output: from .routes import vision_mission_routes
App 2830656 output: ImportError: cannot import name 'vision_mission_routes' from 'app.routes' (/home/bizpromy/domains/api-nes.bizpro.my.id/public_html/app/routes/__init__.py)
App 2831099 output: Traceback (most recent call last):
App 2831099 output:   File "/opt/passenger/src/helper-scripts/wsgi-loader.py", line 384, in <module>
App 2831099 output:     
App 2831099 output: app_module = load_app()
App 2831099 output:   File "/opt/passenger/src/helper-scripts/wsgi-loader.py", line 88, in load_app
App 2831099 output:     
App 2831099 output: spec.loader.exec_module(app_module)
App 2831099 output:   File "<frozen importlib._bootstrap_external>", line 850, in exec_module
App 2831099 output:   File "<frozen importlib._bootstrap>", line 228, in _call_with_frames_removed
App 2831099 output:   File "/home/bizpromy/domains/api-nes.bizpro.my.id/public_html/passenger_wsgi.py", line 1, in <module>
App 2831099 output:     
App 2831099 output: from wsgi import app as application
App 2831099 output:   File "/home/bizpromy/domains/api-nes.bizpro.my.id/public_html/wsgi.py", line 3, in <module>
App 2831099 output:     
App 2831099 output: app = create_app()
App 2831099 output:   File "/home/bizpromy/domains/api-nes.bizpro.my.id/public_html/app/__init__.py", line 29, in create_app
App 2831099 output:     
App 2831099 output: from .routes import vision_mission_routes
App 2831099 output: ImportError: cannot import name 'vision_mission_routes' from 'app.routes' (/home/bizpromy/domains/api-nes.bizpro.my.id/public_html/app/routes/__init__.py)
App 2841239 output: Traceback (most recent call last):
App 2841239 output:   File "/opt/passenger/src/helper-scripts/wsgi-loader.py", line 384, in <module>
App 2841239 output:     
App 2841239 output: app_module = load_app()
App 2841239 output:   File "/opt/passenger/src/helper-scripts/wsgi-loader.py", line 88, in load_app
App 2841239 output:     
App 2841239 output: spec.loader.exec_module(app_module)
App 2841239 output:   File "<frozen importlib._bootstrap_external>", line 850, in exec_module
App 2841239 output:   File "<frozen importlib._bootstrap>", line 228, in _call_with_frames_removed
App 2841239 output:   File "/home/bizpromy/domains/api-nes.bizpro.my.id/public_html/passenger_wsgi.py", line 1, in <module>
App 2841239 output:     
App 2841239 output: from wsgi import app as application
App 2841239 output:   File "/home/bizpromy/domains/api-nes.bizpro.my.id/public_html/wsgi.py", line 3, in <module>
App 2841239 output:     
App 2841239 output: app = create_app()
App 2841239 output:   File "/home/bizpromy/domains/api-nes.bizpro.my.id/public_html/app/__init__.py", line 29, in create_app
App 2841239 output:     
App 2841239 output: from .routes import vision_mission_routes
App 2841239 output: ImportError: cannot import name 'vision_mission_routes' from 'app.routes' (/home/bizpromy/domains/api-nes.bizpro.my.id/public_html/app/routes/__init__.py)
App 2842460 output: Traceback (most recent call last):
App 2842460 output:   File "/opt/passenger/src/helper-scripts/wsgi-loader.py", line 384, in <module>
App 2842460 output:     
App 2842460 output: app_module = load_app()
App 2842460 output:   File "/opt/passenger/src/helper-scripts/wsgi-loader.py", line 88, in load_app
App 2842460 output:     
App 2842460 output: spec.loader.exec_module(app_module)
App 2842460 output:   File "<frozen importlib._bootstrap_external>", line 850, in exec_module
App 2842460 output:   File "<frozen importlib._bootstrap>", line 228, in _call_with_frames_removed
App 2842460 output:   File "/home/bizpromy/domains/api-nes.bizpro.my.id/public_html/passenger_wsgi.py", line 1, in <module>
App 2842460 output:     
App 2842460 output: from wsgi import app as application
App 2842460 output:   File "/home/bizpromy/domains/api-nes.bizpro.my.id/public_html/wsgi.py", line 3, in <module>
App 2842460 output:     
App 2842460 output: app = create_app()
App 2842460 output:   File "/home/bizpromy/domains/api-nes.bizpro.my.id/public_html/app/__init__.py", line 29, in create_app
App 2842460 output:     
App 2842460 output: from .routes import vision_mission_routes
App 2842460 output: ImportError: cannot import name 'vision_mission_routes' from 'app.routes' (/home/bizpromy/domains/api-nes.bizpro.my.id/public_html/app/routes/__init__.py)
App 2844217 output: Traceback (most recent call last):
App 2844217 output:   File "/opt/passenger/src/helper-scripts/wsgi-loader.py", line 384, in <module>
App 2844217 output:     
App 2844217 output: app_module = load_app()
App 2844217 output:   File "/opt/passenger/src/helper-scripts/wsgi-loader.py", line 88, in load_app
App 2844217 output:     
App 2844217 output: spec.loader.exec_module(app_module)
App 2844217 output:   File "<frozen importlib._bootstrap_external>", line 850, in exec_module
App 2844217 output:   File "<frozen importlib._bootstrap>", line 228, in _call_with_frames_removed
App 2844217 output:   File "/home/bizpromy/domains/api-nes.bizpro.my.id/public_html/passenger_wsgi.py", line 1, in <module>
App 2844217 output:     
App 2844217 output: from wsgi import app as application
App 2844217 output:   File "/home/bizpromy/domains/api-nes.bizpro.my.id/public_html/wsgi.py", line 3, in <module>
App 2844217 output:     
App 2844217 output: app = create_app()
App 2844217 output:   File "/home/bizpromy/domains/api-nes.bizpro.my.id/public_html/app/__init__.py", line 29, in create_app
App 2844217 output:     
App 2844217 output: from .routes import vision_mission_routes
App 2844217 output: ImportError: cannot import name 'vision_mission_routes' from 'app.routes' (/home/bizpromy/domains/api-nes.bizpro.my.id/public_html/app/routes/__init__.py)
App 2847483 output: Traceback (most recent call last):
App 2847483 output:   File "/opt/passenger/src/helper-scripts/wsgi-loader.py", line 384, in <module>
App 2847483 output:     app_module = load_app()
App 2847483 output: 
App 2847483 output:   File "/opt/passenger/src/helper-scripts/wsgi-loader.py", line 88, in load_app
App 2847483 output:     spec.loader.exec_module(app_module)
App 2847483 output:   File "<frozen importlib._bootstrap_external>", line 850, in exec_module
App 2847483 output:   File "<frozen importlib._bootstrap>", line 228, in _call_with_frames_removed
App 2847483 output:   File "/home/bizpromy/domains/api-nes.bizpro.my.id/public_html/passenger_wsgi.py", line 1, in <module>
App 2847483 output:     from wsgi import app as application
App 2847483 output: 
App 2847483 output:   File "/home/bizpromy/domains/api-nes.bizpro.my.id/public_html/wsgi.py", line 3, in <module>
App 2847483 output:     app = create_app()
App 2847483 output:   File "/home/bizpromy/domains/api-nes.bizpro.my.id/public_html/app/__init__.py", line 29, in create_app
App 2847483 output:     from .routes import vision_mission_routes
App 2847483 output: ImportError: cannot import name 'vision_mission_routes' from 'app.routes' (/home/bizpromy/domains/api-nes.bizpro.my.id/public_html/app/routes/__init__.py)
App 2852656 output: Traceback (most recent call last):
App 2852656 output:   File "/opt/passenger/src/helper-scripts/wsgi-loader.py", line 384, in <module>
App 2852656 output:     
App 2852656 output: app_module = load_app()
App 2852656 output:   File "/opt/passenger/src/helper-scripts/wsgi-loader.py", line 88, in load_app
App 2852656 output:     
App 2852656 output: spec.loader.exec_module(app_module)
App 2852656 output:   File "<frozen importlib._bootstrap_external>", line 850, in exec_module
App 2852656 output:   File "<frozen importlib._bootstrap>", line 228, in _call_with_frames_removed
App 2852656 output:   File "/home/bizpromy/domains/api-nes.bizpro.my.id/public_html/passenger_wsgi.py", line 1, in <module>
App 2852656 output:     
App 2852656 output: from wsgi import app as application
App 2852656 output:   File "/home/bizpromy/domains/api-nes.bizpro.my.id/public_html/wsgi.py", line 3, in <module>
App 2852656 output:     
App 2852656 output: app = create_app()
App 2852656 output:   File "/home/bizpromy/domains/api-nes.bizpro.my.id/public_html/app/__init__.py", line 29, in create_app
App 2852656 output:     
App 2852656 output: from .routes import vision_mission_routes
App 2852656 output: ImportError: cannot import name 'vision_mission_routes' from 'app.routes' (/home/bizpromy/domains/api-nes.bizpro.my.id/public_html/app/routes/__init__.py)
App 2852804 output: Traceback (most recent call last):
App 2852804 output:   File "/opt/passenger/src/helper-scripts/wsgi-loader.py", line 384, in <module>
App 2852804 output:     
App 2852804 output: app_module = load_app()
App 2852804 output:   File "/opt/passenger/src/helper-scripts/wsgi-loader.py", line 88, in load_app
App 2852804 output:     
App 2852804 output: spec.loader.exec_module(app_module)
App 2852804 output:   File "<frozen importlib._bootstrap_external>", line 850, in exec_module
App 2852804 output:   File "<frozen importlib._bootstrap>", line 228, in _call_with_frames_removed
App 2852804 output:   File "/home/bizpromy/domains/api-nes.bizpro.my.id/public_html/passenger_wsgi.py", line 1, in <module>
App 2852804 output:     
App 2852804 output: from wsgi import app as application
App 2852804 output:   File "/home/bizpromy/domains/api-nes.bizpro.my.id/public_html/wsgi.py", line 3, in <module>
App 2852804 output:     
App 2852804 output: app = create_app()
App 2852804 output:   File "/home/bizpromy/domains/api-nes.bizpro.my.id/public_html/app/__init__.py", line 29, in create_app
App 2852804 output:     
App 2852804 output: from .routes import vision_mission_routes
App 2852804 output: ImportError: cannot import name 'vision_mission_routes' from 'app.routes' (/home/bizpromy/domains/api-nes.bizpro.my.id/public_html/app/routes/__init__.py)
App 2852937 output: Traceback (most recent call last):
App 2852937 output:   File "/opt/passenger/src/helper-scripts/wsgi-loader.py", line 384, in <module>
App 2852937 output:     
App 2852937 output: app_module = load_app()
App 2852937 output:   File "/opt/passenger/src/helper-scripts/wsgi-loader.py", line 88, in load_app
App 2852937 output:     
App 2852937 output: spec.loader.exec_module(app_module)
App 2852937 output:   File "<frozen importlib._bootstrap_external>", line 850, in exec_module
App 2852937 output:   File "<frozen importlib._bootstrap>", line 228, in _call_with_frames_removed
App 2852937 output:   File "/home/bizpromy/domains/api-nes.bizpro.my.id/public_html/passenger_wsgi.py", line 1, in <module>
App 2852937 output:     
App 2852937 output: from wsgi import app as application
App 2852937 output:   File "/home/bizpromy/domains/api-nes.bizpro.my.id/public_html/wsgi.py", line 3, in <module>
App 2852937 output:     app = create_app()
App 2852937 output:   File "/home/bizpromy/domains/api-nes.bizpro.my.id/public_html/app/__init__.py", line 29, in create_app
App 2852937 output:     from .routes import vision_mission_routes
App 2852937 output: 
App 2852937 output: ImportError: cannot import name 'vision_mission_routes' from 'app.routes' (/home/bizpromy/domains/api-nes.bizpro.my.id/public_html/app/routes/__init__.py)
App 2853077 output: Traceback (most recent call last):
App 2853077 output:   File "/opt/passenger/src/helper-scripts/wsgi-loader.py", line 384, in <module>
App 2853077 output:     
App 2853077 output: app_module = load_app()
App 2853077 output:   File "/opt/passenger/src/helper-scripts/wsgi-loader.py", line 88, in load_app
App 2853077 output:     
App 2853077 output: spec.loader.exec_module(app_module)
App 2853077 output:   File "<frozen importlib._bootstrap_external>", line 850, in exec_module
App 2853077 output:   File "<frozen importlib._bootstrap>", line 228, in _call_with_frames_removed
App 2853077 output:   File "/home/bizpromy/domains/api-nes.bizpro.my.id/public_html/passenger_wsgi.py", line 1, in <module>
App 2853077 output:     
App 2853077 output: from wsgi import app as application
App 2853077 output:   File "/home/bizpromy/domains/api-nes.bizpro.my.id/public_html/wsgi.py", line 3, in <module>
App 2853077 output:     
App 2853077 output: app = create_app()
App 2853077 output:   File "/home/bizpromy/domains/api-nes.bizpro.my.id/public_html/app/__init__.py", line 29, in create_app
App 2853077 output:     
App 2853077 output: from .routes import vision_mission_routes
App 2853077 output: ImportError: cannot import name 'vision_mission_routes' from 'app.routes' (/home/bizpromy/domains/api-nes.bizpro.my.id/public_html/app/routes/__init__.py)
App 2853558 output: Traceback (most recent call last):
App 2853558 output:   File "/opt/passenger/src/helper-scripts/wsgi-loader.py", line 384, in <module>
App 2853558 output:     
App 2853558 output: app_module = load_app()
App 2853558 output:   File "/opt/passenger/src/helper-scripts/wsgi-loader.py", line 88, in load_app
App 2853558 output:     
App 2853558 output: spec.loader.exec_module(app_module)
App 2853558 output:   File "<frozen importlib._bootstrap_external>", line 850, in exec_module
App 2853558 output:   File "<frozen importlib._bootstrap>", line 228, in _call_with_frames_removed
App 2853558 output:   File "/home/bizpromy/domains/api-nes.bizpro.my.id/public_html/passenger_wsgi.py", line 1, in <module>
App 2853558 output:     
App 2853558 output: from wsgi import app as application
App 2853558 output:   File "/home/bizpromy/domains/api-nes.bizpro.my.id/public_html/wsgi.py", line 3, in <module>
App 2853558 output:     
App 2853558 output: app = create_app()
App 2853558 output:   File "/home/bizpromy/domains/api-nes.bizpro.my.id/public_html/app/__init__.py", line 29, in create_app
App 2853558 output:     
App 2853558 output: from .routes import vision_mission_routes
App 2853558 output: ImportError: cannot import name 'vision_mission_routes' from 'app.routes' (/home/bizpromy/domains/api-nes.bizpro.my.id/public_html/app/routes/__init__.py)
App 2853737 output: Traceback (most recent call last):
App 2853737 output:   File "/opt/passenger/src/helper-scripts/wsgi-loader.py", line 384, in <module>
App 2853737 output:     
App 2853737 output: app_module = load_app()
App 2853737 output:   File "/opt/passenger/src/helper-scripts/wsgi-loader.py", line 88, in load_app
App 2853737 output:     
App 2853737 output: spec.loader.exec_module(app_module)
App 2853737 output:   File "<frozen importlib._bootstrap_external>", line 850, in exec_module
App 2853737 output:   File "<frozen importlib._bootstrap>", line 228, in _call_with_frames_removed
App 2853737 output:   File "/home/bizpromy/domains/api-nes.bizpro.my.id/public_html/passenger_wsgi.py", line 1, in <module>
App 2853737 output:     
App 2853737 output: from wsgi import app as application
App 2853737 output:   File "/home/bizpromy/domains/api-nes.bizpro.my.id/public_html/wsgi.py", line 3, in <module>
App 2853737 output:     
App 2853737 output: app = create_app()
App 2853737 output:   File "/home/bizpromy/domains/api-nes.bizpro.my.id/public_html/app/__init__.py", line 29, in create_app
App 2853737 output:     
App 2853737 output: from .routes import vision_mission_routes
App 2853737 output: ImportError: cannot import name 'vision_mission_routes' from 'app.routes' (/home/bizpromy/domains/api-nes.bizpro.my.id/public_html/app/routes/__init__.py)
App 2853992 output: Traceback (most recent call last):
App 2853992 output:   File "/opt/passenger/src/helper-scripts/wsgi-loader.py", line 384, in <module>
App 2853992 output:     
App 2853992 output: app_module = load_app()
App 2853992 output:   File "/opt/passenger/src/helper-scripts/wsgi-loader.py", line 88, in load_app
App 2853992 output:     
App 2853992 output: spec.loader.exec_module(app_module)
App 2853992 output:   File "<frozen importlib._bootstrap_external>", line 850, in exec_module
App 2853992 output:   File "<frozen importlib._bootstrap>", line 228, in _call_with_frames_removed
App 2853992 output:   File "/home/bizpromy/domains/api-nes.bizpro.my.id/public_html/passenger_wsgi.py", line 1, in <module>
App 2853992 output:     
App 2853992 output: from wsgi import app as application
App 2853992 output:   File "/home/bizpromy/domains/api-nes.bizpro.my.id/public_html/wsgi.py", line 3, in <module>
App 2853992 output:     app = create_app()
App 2853992 output: 
App 2853992 output:   File "/home/bizpromy/domains/api-nes.bizpro.my.id/public_html/app/__init__.py", line 29, in create_app
App 2853992 output:     
App 2853992 output: from .routes import vision_mission_routes
App 2853992 output: ImportError: cannot import name 'vision_mission_routes' from 'app.routes' (/home/bizpromy/domains/api-nes.bizpro.my.id/public_html/app/routes/__init__.py)
App 2854178 output: Traceback (most recent call last):
App 2854178 output:   File "/opt/passenger/src/helper-scripts/wsgi-loader.py", line 384, in <module>
App 2854178 output:     
App 2854178 output: app_module = load_app()
App 2854178 output:   File "/opt/passenger/src/helper-scripts/wsgi-loader.py", line 88, in load_app
App 2854178 output:     
App 2854178 output: spec.loader.exec_module(app_module)
App 2854178 output:   File "<frozen importlib._bootstrap_external>", line 850, in exec_module
App 2854178 output:   File "<frozen importlib._bootstrap>", line 228, in _call_with_frames_removed
App 2854178 output:   File "/home/bizpromy/domains/api-nes.bizpro.my.id/public_html/passenger_wsgi.py", line 1, in <module>
App 2854178 output:     
App 2854178 output: from wsgi import app as application
App 2854178 output:   File "/home/bizpromy/domains/api-nes.bizpro.my.id/public_html/wsgi.py", line 3, in <module>
App 2854178 output:     
App 2854178 output: app = create_app()
App 2854178 output:   File "/home/bizpromy/domains/api-nes.bizpro.my.id/public_html/app/__init__.py", line 29, in create_app
App 2854178 output:     
App 2854178 output: from .routes import vision_mission_routes
App 2854178 output: ImportError: 
App 2854178 output: cannot import name 'vision_mission_routes' from 'app.routes' (/home/bizpromy/domains/api-nes.bizpro.my.id/public_html/app/routes/__init__.py)
App 3451517 output: Traceback (most recent call last):
App 3451517 output:   File "/opt/passenger/src/helper-scripts/wsgi-loader.py", line 384, in <module>
App 3451517 output:     app_module = load_app()
App 3451517 output:   File "/opt/passenger/src/helper-scripts/wsgi-loader.py", line 88, in load_app
App 3451517 output:     spec.loader.exec_module(app_module)
App 3451517 output:   File "<frozen importlib._bootstrap_external>", line 850, in exec_module
App 3451517 output:   File "<frozen importlib._bootstrap>", line 228, in _call_with_frames_removed
App 3451517 output:   File "/home/bizpromy/domains/api-nes.bizpro.my.id/public_html/passenger_wsgi.py", line 1, in <module>
App 3451517 output:     from wsgi import app as application
App 3451517 output: 
App 3451517 output:   File "/home/bizpromy/domains/api-nes.bizpro.my.id/public_html/wsgi.py", line 3, in <module>
App 3451517 output:     app = create_app()
App 3451517 output:   File "/home/bizpromy/domains/api-nes.bizpro.my.id/public_html/app/__init__.py", line 32, in create_app
App 3451517 output:     from .routes import activity_gallery_routes
App 3451517 output:   File "/home/bizpromy/domains/api-nes.bizpro.my.id/public_html/app/routes/activity_gallery_routes.py", line 14
App 3451517 output:     data = get_all_activity_gallery()
App 3451517 output:     ^
App 3451517 output: IndentationError: expected an indented block
App 3461639 output: Traceback (most recent call last):
App 3461639 output:   File "/opt/passenger/src/helper-scripts/wsgi-loader.py", line 384, in <module>
App 3461639 output:     app_module = load_app()
App 3461639 output: 
App 3461639 output:   File "/opt/passenger/src/helper-scripts/wsgi-loader.py", line 88, in load_app
App 3461639 output:     spec.loader.exec_module(app_module)
App 3461639 output: 
App 3461639 output:   File "<frozen importlib._bootstrap_external>", line 850, in exec_module
App 3461639 output:   File "<frozen importlib._bootstrap>", line 228, in _call_with_frames_removed
App 3461639 output:   File "/home/bizpromy/domains/api-nes.bizpro.my.id/public_html/passenger_wsgi.py", line 1, in <module>
App 3461639 output:     from wsgi import app as application
App 3461639 output: 
App 3461639 output:   File "/home/bizpromy/domains/api-nes.bizpro.my.id/public_html/wsgi.py", line 3, in <module>
App 3461639 output:     app = create_app()
App 3461639 output:   File "/home/bizpromy/domains/api-nes.bizpro.my.id/public_html/app/__init__.py", line 32, in create_app
App 3461639 output:     
App 3461639 output: from .routes import activity_gallery_routes
App 3461639 output:   File "/home/bizpromy/domains/api-nes.bizpro.my.id/public_html/app/routes/activity_gallery_routes.py", line 14
App 3461639 output:     data = get_all_activity_gallery()
App 3461639 output:     ^
App 3461639 output: IndentationError: expected an indented block
App 3461639 output: 
App 3471942 output: Traceback (most recent call last):
App 3471942 output:   File "/opt/passenger/src/helper-scripts/wsgi-loader.py", line 384, in <module>
App 3471942 output:     app_module = load_app()
App 3471942 output: 
App 3471942 output:   File "/opt/passenger/src/helper-scripts/wsgi-loader.py", line 88, in load_app
App 3471942 output:     spec.loader.exec_module(app_module)
App 3471942 output: 
App 3471942 output:   File "<frozen importlib._bootstrap_external>", line 850, in exec_module
App 3471942 output:   File "<frozen importlib._bootstrap>", line 228, in _call_with_frames_removed
App 3471942 output:   File "/home/bizpromy/domains/api-nes.bizpro.my.id/public_html/passenger_wsgi.py", line 1, in <module>
App 3471942 output:     
App 3471942 output: from wsgi import app as application
App 3471942 output:   File "/home/bizpromy/domains/api-nes.bizpro.my.id/public_html/wsgi.py", line 3, in <module>
App 3471942 output:     
App 3471942 output: app = create_app()
App 3471942 output:   File "/home/bizpromy/domains/api-nes.bizpro.my.id/public_html/app/__init__.py", line 32, in create_app
App 3471942 output:     
App 3471942 output: from .routes import activity_gallery_routes
App 3471942 output:   File "/home/bizpromy/domains/api-nes.bizpro.my.id/public_html/app/routes/activity_gallery_routes.py", line 14
App 3471942 output:     data = get_all_activity_gallery()
App 3471942 output:     ^
App 3471942 output: IndentationError: expected an indented block
App 3472936 output: Traceback (most recent call last):
App 3472936 output:   File "/opt/passenger/src/helper-scripts/wsgi-loader.py", line 384, in <module>
App 3472936 output:     
App 3472936 output: app_module = load_app()
App 3472936 output:   File "/opt/passenger/src/helper-scripts/wsgi-loader.py", line 88, in load_app
App 3472936 output:     
App 3472936 output: spec.loader.exec_module(app_module)
App 3472936 output:   File "<frozen importlib._bootstrap_external>", line 850, in exec_module
App 3472936 output:   File "<frozen importlib._bootstrap>", line 228, in _call_with_frames_removed
App 3472936 output:   File "/home/bizpromy/domains/api-nes.bizpro.my.id/public_html/passenger_wsgi.py", line 1, in <module>
App 3472936 output:     
App 3472936 output: from wsgi import app as application
App 3472936 output:   File "/home/bizpromy/domains/api-nes.bizpro.my.id/public_html/wsgi.py", line 3, in <module>
App 3472936 output:     
App 3472936 output: app = create_app()
App 3472936 output:   File "/home/bizpromy/domains/api-nes.bizpro.my.id/public_html/app/__init__.py", line 32, in create_app
App 3472936 output:     
App 3472936 output: from .routes import activity_gallery_routes
App 3472936 output:   File "/home/bizpromy/domains/api-nes.bizpro.my.id/public_html/app/routes/activity_gallery_routes.py", line 14
App 3472936 output:     data = get_all_activity_gallery()
App 3472936 output:     ^
App 3472936 output: IndentationError
App 3472936 output: : expected an indented block
App 3475604 output: Traceback (most recent call last):
App 3475604 output:   File "/opt/passenger/src/helper-scripts/wsgi-loader.py", line 384, in <module>
App 3475604 output:     
App 3475604 output: app_module = load_app()
App 3475604 output:   File "/opt/passenger/src/helper-scripts/wsgi-loader.py", line 88, in load_app
App 3475604 output:     
App 3475604 output: spec.loader.exec_module(app_module)
App 3475604 output:   File "<frozen importlib._bootstrap_external>", line 850, in exec_module
App 3475604 output:   File "<frozen importlib._bootstrap>", line 228, in _call_with_frames_removed
App 3475604 output:   File "/home/bizpromy/domains/api-nes.bizpro.my.id/public_html/passenger_wsgi.py", line 1, in <module>
App 3475604 output:     
App 3475604 output: from wsgi import app as application
App 3475604 output:   File "/home/bizpromy/domains/api-nes.bizpro.my.id/public_html/wsgi.py", line 3, in <module>
App 3475604 output:     
App 3475604 output: app = create_app()
App 3475604 output:   File "/home/bizpromy/domains/api-nes.bizpro.my.id/public_html/app/__init__.py", line 32, in create_app
App 3475604 output:     
App 3475604 output: from .routes import activity_gallery_routes
App 3475604 output:   File "/home/bizpromy/domains/api-nes.bizpro.my.id/public_html/app/routes/activity_gallery_routes.py", line 14
App 3475604 output:     
App 3475604 output: data = get_all_activity_gallery()
App 3475604 output:     ^
App 3475604 output: IndentationError: expected an indented block
App 3479887 output: Traceback (most recent call last):
App 3479887 output:   File "/opt/passenger/src/helper-scripts/wsgi-loader.py", line 384, in <module>
App 3479887 output:     app_module = load_app()
App 3479887 output:   File "/opt/passenger/src/helper-scripts/wsgi-loader.py", line 88, in load_app
App 3479887 output:     spec.loader.exec_module(app_module)
App 3479887 output: 
App 3479887 output:   File "<frozen importlib._bootstrap_external>", line 850, in exec_module
App 3479887 output:   File "<frozen importlib._bootstrap>", line 228, in _call_with_frames_removed
App 3479887 output:   File "/home/bizpromy/domains/api-nes.bizpro.my.id/public_html/passenger_wsgi.py", line 1, in <module>
App 3479887 output:     
App 3479887 output: from wsgi import app as application
App 3479887 output:   File "/home/bizpromy/domains/api-nes.bizpro.my.id/public_html/wsgi.py", line 3, in <module>
App 3479887 output:     
App 3479887 output: app = create_app()
App 3479887 output:   File "/home/bizpromy/domains/api-nes.bizpro.my.id/public_html/app/__init__.py", line 32, in create_app
App 3479887 output:     
App 3479887 output: from .routes import activity_gallery_routes
App 3479887 output:   File "/home/bizpromy/domains/api-nes.bizpro.my.id/public_html/app/routes/activity_gallery_routes.py", line 14
App 3479887 output:     data = get_all_activity_gallery()
App 3479887 output:     ^
App 3479887 output: IndentationError: expected an indented block
App 3480041 output: Traceback (most recent call last):
App 3480041 output:   File "/opt/passenger/src/helper-scripts/wsgi-loader.py", line 384, in <module>
App 3480041 output:     
App 3480041 output: app_module = load_app()
App 3480041 output:   File "/opt/passenger/src/helper-scripts/wsgi-loader.py", line 88, in load_app
App 3480041 output:     
App 3480041 output: spec.loader.exec_module(app_module)
App 3480041 output:   File "<frozen importlib._bootstrap_external>", line 850, in exec_module
App 3480041 output:   File "<frozen importlib._bootstrap>", line 228, in _call_with_frames_removed
App 3480041 output:   File "/home/bizpromy/domains/api-nes.bizpro.my.id/public_html/passenger_wsgi.py", line 1, in <module>
App 3480041 output:     
App 3480041 output: from wsgi import app as application
App 3480041 output:   File "/home/bizpromy/domains/api-nes.bizpro.my.id/public_html/wsgi.py", line 3, in <module>
App 3480041 output:     
App 3480041 output: app = create_app()
App 3480041 output:   File "/home/bizpromy/domains/api-nes.bizpro.my.id/public_html/app/__init__.py", line 32, in create_app
App 3480041 output:     
App 3480041 output: from .routes import activity_gallery_routes
App 3480041 output:   File "/home/bizpromy/domains/api-nes.bizpro.my.id/public_html/app/routes/activity_gallery_routes.py", line 14
App 3480041 output:     data = get_all_activity_gallery()
App 3480041 output:     
App 3480041 output: ^
App 3480041 output: IndentationError: expected an indented block
App 3481145 output: Traceback (most recent call last):
App 3481145 output:   File "/opt/passenger/src/helper-scripts/wsgi-loader.py", line 384, in <module>
App 3481145 output:     
App 3481145 output: app_module = load_app()
App 3481145 output:   File "/opt/passenger/src/helper-scripts/wsgi-loader.py", line 88, in load_app
App 3481145 output:     
App 3481145 output: spec.loader.exec_module(app_module)
App 3481145 output:   File "<frozen importlib._bootstrap_external>", line 850, in exec_module
App 3481145 output:   File "<frozen importlib._bootstrap>", line 228, in _call_with_frames_removed
App 3481145 output:   File "/home/bizpromy/domains/api-nes.bizpro.my.id/public_html/passenger_wsgi.py", line 1, in <module>
App 3481145 output:     
App 3481145 output: from wsgi import app as application
App 3481145 output:   File "/home/bizpromy/domains/api-nes.bizpro.my.id/public_html/wsgi.py", line 3, in <module>
App 3481145 output:     
App 3481145 output: app = create_app()
App 3481145 output:   File "/home/bizpromy/domains/api-nes.bizpro.my.id/public_html/app/__init__.py", line 32, in create_app
App 3481145 output:     
App 3481145 output: from .routes import activity_gallery_routes
App 3481145 output:   File "/home/bizpromy/domains/api-nes.bizpro.my.id/public_html/app/routes/activity_gallery_routes.py", line 14
App 3481145 output:     data = get_all_activity_gallery()
App 3481145 output:     ^
App 3481145 output: IndentationError
App 3481145 output: : expected an indented block
App 3483231 output: Traceback (most recent call last):
App 3483231 output:   File "/opt/passenger/src/helper-scripts/wsgi-loader.py", line 384, in <module>
App 3483231 output:     app_module = load_app()
App 3483231 output: 
App 3483231 output:   File "/opt/passenger/src/helper-scripts/wsgi-loader.py", line 88, in load_app
App 3483231 output:     spec.loader.exec_module(app_module)
App 3483231 output: 
App 3483231 output:   File "<frozen importlib._bootstrap_external>", line 850, in exec_module
App 3483231 output:   File "<frozen importlib._bootstrap>", line 228, in _call_with_frames_removed
App 3483231 output:   File "/home/bizpromy/domains/api-nes.bizpro.my.id/public_html/passenger_wsgi.py", line 1, in <module>
App 3483231 output:     from wsgi import app as application
App 3483231 output: 
App 3483231 output:   File "/home/bizpromy/domains/api-nes.bizpro.my.id/public_html/wsgi.py", line 3, in <module>
App 3483231 output:     app = create_app()
App 3483231 output:   File "/home/bizpromy/domains/api-nes.bizpro.my.id/public_html/app/__init__.py", line 32, in create_app
App 3483231 output:     from .routes import activity_gallery_routes
App 3483231 output:   File "/home/bizpromy/domains/api-nes.bizpro.my.id/public_html/app/routes/activity_gallery_routes.py", line 14
App 3483231 output:     data = get_all_activity_gallery()
App 3483231 output:     ^
App 3483231 output: IndentationError: expected an indented block
App 3483728 output: Traceback (most recent call last):
App 3483728 output:   File "/opt/passenger/src/helper-scripts/wsgi-loader.py", line 384, in <module>
App 3483728 output:     
App 3483728 output: app_module = load_app()
App 3483728 output:   File "/opt/passenger/src/helper-scripts/wsgi-loader.py", line 88, in load_app
App 3483728 output:     
App 3483728 output: spec.loader.exec_module(app_module)
App 3483728 output:   File "<frozen importlib._bootstrap_external>", line 850, in exec_module
App 3483728 output:   File "<frozen importlib._bootstrap>", line 228, in _call_with_frames_removed
App 3483728 output:   File "/home/bizpromy/domains/api-nes.bizpro.my.id/public_html/passenger_wsgi.py", line 1, in <module>
App 3483728 output:     
App 3483728 output: from wsgi import app as application
App 3483728 output:   File "/home/bizpromy/domains/api-nes.bizpro.my.id/public_html/wsgi.py", line 3, in <module>
App 3483728 output:     
App 3483728 output: app = create_app()
App 3483728 output:   File "/home/bizpromy/domains/api-nes.bizpro.my.id/public_html/app/__init__.py", line 32, in create_app
App 3483728 output:     
App 3483728 output: from .routes import activity_gallery_routes
App 3483728 output:   File "/home/bizpromy/domains/api-nes.bizpro.my.id/public_html/app/routes/activity_gallery_routes.py", line 14
App 3483728 output:     data = get_all_activity_gallery()
App 3483728 output:     ^
App 3483728 output: IndentationError: expected an indented block
App 3483916 output: Traceback (most recent call last):
App 3483916 output:   File "/opt/passenger/src/helper-scripts/wsgi-loader.py", line 384, in <module>
App 3483916 output:     app_module = load_app()
App 3483916 output: 
App 3483916 output:   File "/opt/passenger/src/helper-scripts/wsgi-loader.py", line 88, in load_app
App 3483916 output:     
App 3483916 output: spec.loader.exec_module(app_module)
App 3483916 output:   File "<frozen importlib._bootstrap_external>", line 850, in exec_module
App 3483916 output:   File "<frozen importlib._bootstrap>", line 228, in _call_with_frames_removed
App 3483916 output:   File "/home/bizpromy/domains/api-nes.bizpro.my.id/public_html/passenger_wsgi.py", line 1, in <module>
App 3483916 output:     
App 3483916 output: from wsgi import app as application
App 3483916 output:   File "/home/bizpromy/domains/api-nes.bizpro.my.id/public_html/wsgi.py", line 3, in <module>
App 3483916 output:     
App 3483916 output: app = create_app()
App 3483916 output:   File "/home/bizpromy/domains/api-nes.bizpro.my.id/public_html/app/__init__.py", line 32, in create_app
App 3483916 output:     
App 3483916 output: from .routes import activity_gallery_routes
App 3483916 output:   File "/home/bizpromy/domains/api-nes.bizpro.my.id/public_html/app/routes/activity_gallery_routes.py", line 14
App 3483916 output:     data = get_all_activity_gallery()
App 3483916 output:     ^
App 3483916 output: IndentationError
App 3483916 output: : expected an indented block
App 3484149 output: Traceback (most recent call last):
App 3484149 output:   File "/opt/passenger/src/helper-scripts/wsgi-loader.py", line 384, in <module>
App 3484149 output:     app_module = load_app()
App 3484149 output: 
App 3484149 output:   File "/opt/passenger/src/helper-scripts/wsgi-loader.py", line 88, in load_app
App 3484149 output:     spec.loader.exec_module(app_module)
App 3484149 output:   File "<frozen importlib._bootstrap_external>", line 850, in exec_module
App 3484149 output:   File "<frozen importlib._bootstrap>", line 228, in _call_with_frames_removed
App 3484149 output:   File "/home/bizpromy/domains/api-nes.bizpro.my.id/public_html/passenger_wsgi.py", line 1, in <module>
App 3484149 output:     from wsgi import app as application
App 3484149 output:   File "/home/bizpromy/domains/api-nes.bizpro.my.id/public_html/wsgi.py", line 3, in <module>
App 3484149 output:     app = create_app()
App 3484149 output: 
App 3484149 output:   File "/home/bizpromy/domains/api-nes.bizpro.my.id/public_html/app/__init__.py", line 32, in create_app
App 3484149 output:     from .routes import activity_gallery_routes
App 3484149 output:   File "/home/bizpromy/domains/api-nes.bizpro.my.id/public_html/app/routes/activity_gallery_routes.py", line 14
App 3484149 output:     data = get_all_activity_gallery()
App 3484149 output:     ^
App 3484149 output: IndentationError: expected an indented block
App 3484409 output: Traceback (most recent call last):
App 3484409 output:   File "/opt/passenger/src/helper-scripts/wsgi-loader.py", line 384, in <module>
App 3484409 output:     app_module = load_app()
App 3484409 output: 
App 3484409 output:   File "/opt/passenger/src/helper-scripts/wsgi-loader.py", line 88, in load_app
App 3484409 output:     spec.loader.exec_module(app_module)
App 3484409 output:   File "<frozen importlib._bootstrap_external>", line 850, in exec_module
App 3484409 output:   File "<frozen importlib._bootstrap>", line 228, in _call_with_frames_removed
App 3484409 output:   File "/home/bizpromy/domains/api-nes.bizpro.my.id/public_html/passenger_wsgi.py", line 1, in <module>
App 3484409 output:     from wsgi import app as application
App 3484409 output:   File "/home/bizpromy/domains/api-nes.bizpro.my.id/public_html/wsgi.py", line 3, in <module>
App 3484409 output:     app = create_app()
App 3484409 output:   File "/home/bizpromy/domains/api-nes.bizpro.my.id/public_html/app/__init__.py", line 32, in create_app
App 3484409 output:     
App 3484409 output: from .routes import activity_gallery_routes
App 3484409 output:   File "/home/bizpromy/domains/api-nes.bizpro.my.id/public_html/app/routes/activity_gallery_routes.py", line 14
App 3484409 output:     data = get_all_activity_gallery()
App 3484409 output:     ^
App 3484409 output: IndentationError: expected an indented block
App 3485043 output: Traceback (most recent call last):
App 3485043 output:   File "/opt/passenger/src/helper-scripts/wsgi-loader.py", line 384, in <module>
App 3485043 output:     
App 3485043 output: app_module = load_app()
App 3485043 output:   File "/opt/passenger/src/helper-scripts/wsgi-loader.py", line 88, in load_app
App 3485043 output:     spec.loader.exec_module(app_module)
App 3485043 output: 
App 3485043 output:   File "<frozen importlib._bootstrap_external>", line 850, in exec_module
App 3485043 output:   File "<frozen importlib._bootstrap>", line 228, in _call_with_frames_removed
App 3485043 output:   File "/home/bizpromy/domains/api-nes.bizpro.my.id/public_html/passenger_wsgi.py", line 1, in <module>
App 3485043 output:     from wsgi import app as application
App 3485043 output: 
App 3485043 output:   File "/home/bizpromy/domains/api-nes.bizpro.my.id/public_html/wsgi.py", line 3, in <module>
App 3485043 output:     app = create_app()
App 3485043 output:   File "/home/bizpromy/domains/api-nes.bizpro.my.id/public_html/app/__init__.py", line 32, in create_app
App 3485043 output:     from .routes import activity_gallery_routes
App 3485043 output:   File "/home/bizpromy/domains/api-nes.bizpro.my.id/public_html/app/routes/activity_gallery_routes.py", line 14
App 3485043 output:     data = get_all_activity_gallery()
App 3485043 output:     ^
App 3485043 output: IndentationError: expected an indented block
App 3485215 output: Traceback (most recent call last):
App 3485215 output:   File "/opt/passenger/src/helper-scripts/wsgi-loader.py", line 384, in <module>
App 3485215 output:     
App 3485215 output: app_module = load_app()
App 3485215 output:   File "/opt/passenger/src/helper-scripts/wsgi-loader.py", line 88, in load_app
App 3485215 output:     
App 3485215 output: spec.loader.exec_module(app_module)
App 3485215 output:   File "<frozen importlib._bootstrap_external>", line 850, in exec_module
App 3485215 output:   File "<frozen importlib._bootstrap>", line 228, in _call_with_frames_removed
App 3485215 output:   File "/home/bizpromy/domains/api-nes.bizpro.my.id/public_html/passenger_wsgi.py", line 1, in <module>
App 3485215 output:     
App 3485215 output: from wsgi import app as application
App 3485215 output:   File "/home/bizpromy/domains/api-nes.bizpro.my.id/public_html/wsgi.py", line 3, in <module>
App 3485215 output:     
App 3485215 output: app = create_app()
App 3485215 output:   File "/home/bizpromy/domains/api-nes.bizpro.my.id/public_html/app/__init__.py", line 32, in create_app
App 3485215 output:     
App 3485215 output: from .routes import activity_gallery_routes
App 3485215 output:   File "/home/bizpromy/domains/api-nes.bizpro.my.id/public_html/app/routes/activity_gallery_routes.py", line 14
App 3485215 output:     data = get_all_activity_gallery()
App 3485215 output:     ^
App 3485215 output: IndentationError
App 3485215 output: : expected an indented block
App 3492817 output: Traceback (most recent call last):
App 3492817 output:   File "/opt/passenger/src/helper-scripts/wsgi-loader.py", line 384, in <module>
App 3492817 output:     
App 3492817 output: app_module = load_app()
App 3492817 output:   File "/opt/passenger/src/helper-scripts/wsgi-loader.py", line 88, in load_app
App 3492817 output:     
App 3492817 output: spec.loader.exec_module(app_module)
App 3492817 output:   File "<frozen importlib._bootstrap_external>", line 850, in exec_module
App 3492817 output:   File "<frozen importlib._bootstrap>", line 228, in _call_with_frames_removed
App 3492817 output:   File "/home/bizpromy/domains/api-nes.bizpro.my.id/public_html/passenger_wsgi.py", line 1, in <module>
App 3492817 output:     
App 3492817 output: from wsgi import app as application
App 3492817 output:   File "/home/bizpromy/domains/api-nes.bizpro.my.id/public_html/wsgi.py", line 3, in <module>
App 3492817 output:     app = create_app()
App 3492817 output: 
App 3492817 output:   File "/home/bizpromy/domains/api-nes.bizpro.my.id/public_html/app/__init__.py", line 32, in create_app
App 3492817 output:     
App 3492817 output: from .routes import activity_gallery_routes
App 3492817 output:   File "/home/bizpromy/domains/api-nes.bizpro.my.id/public_html/app/routes/activity_gallery_routes.py", line 14
App 3492817 output:     
App 3492817 output: data = get_all_activity_gallery()
App 3492817 output:     ^
App 3492817 output: IndentationError: expected an indented block
App 3493045 output: Traceback (most recent call last):
App 3493045 output:   File "/opt/passenger/src/helper-scripts/wsgi-loader.py", line 384, in <module>
App 3493045 output:     
App 3493045 output: app_module = load_app()
App 3493045 output:   File "/opt/passenger/src/helper-scripts/wsgi-loader.py", line 88, in load_app
App 3493045 output:     
App 3493045 output: spec.loader.exec_module(app_module)
App 3493045 output:   File "<frozen importlib._bootstrap_external>", line 850, in exec_module
App 3493045 output:   File "<frozen importlib._bootstrap>", line 228, in _call_with_frames_removed
App 3493045 output:   File "/home/bizpromy/domains/api-nes.bizpro.my.id/public_html/passenger_wsgi.py", line 1, in <module>
App 3493045 output:     
App 3493045 output: from wsgi import app as application
App 3493045 output:   File "/home/bizpromy/domains/api-nes.bizpro.my.id/public_html/wsgi.py", line 3, in <module>
App 3493045 output:     
App 3493045 output: app = create_app()
App 3493045 output:   File "/home/bizpromy/domains/api-nes.bizpro.my.id/public_html/app/__init__.py", line 32, in create_app
App 3493045 output:     
App 3493045 output: from .routes import activity_gallery_routes
App 3493045 output:   File "/home/bizpromy/domains/api-nes.bizpro.my.id/public_html/app/routes/activity_gallery_routes.py", line 14
App 3493045 output:     data = get_all_activity_gallery()
App 3493045 output:     ^
App 3493045 output: IndentationError: expected an indented block
App 3495834 output: Traceback (most recent call last):
App 3495834 output:   File "/opt/passenger/src/helper-scripts/wsgi-loader.py", line 384, in <module>
App 3495834 output:     
App 3495834 output: app_module = load_app()
App 3495834 output:   File "/opt/passenger/src/helper-scripts/wsgi-loader.py", line 88, in load_app
App 3495834 output:     
App 3495834 output: spec.loader.exec_module(app_module)
App 3495834 output:   File "<frozen importlib._bootstrap_external>", line 850, in exec_module
App 3495834 output:   File "<frozen importlib._bootstrap>", line 228, in _call_with_frames_removed
App 3495834 output:   File "/home/bizpromy/domains/api-nes.bizpro.my.id/public_html/passenger_wsgi.py", line 1, in <module>
App 3495834 output:     
App 3495834 output: from wsgi import app as application
App 3495834 output:   File "/home/bizpromy/domains/api-nes.bizpro.my.id/public_html/wsgi.py", line 3, in <module>
App 3495834 output:     
App 3495834 output: app = create_app()
App 3495834 output:   File "/home/bizpromy/domains/api-nes.bizpro.my.id/public_html/app/__init__.py", line 32, in create_app
App 3495834 output:     
App 3495834 output: from .routes import activity_gallery_routes
App 3495834 output:   File "/home/bizpromy/domains/api-nes.bizpro.my.id/public_html/app/routes/activity_gallery_routes.py", line 14
App 3495834 output:     data = get_all_activity_gallery()
App 3495834 output:     ^
App 3495834 output: IndentationError: expected an indented block
App 3503378 output: Traceback (most recent call last):
App 3503378 output:   File "/opt/passenger/src/helper-scripts/wsgi-loader.py", line 384, in <module>
App 3503378 output:     
App 3503378 output: app_module = load_app()
App 3503378 output:   File "/opt/passenger/src/helper-scripts/wsgi-loader.py", line 88, in load_app
App 3503378 output:     
App 3503378 output: spec.loader.exec_module(app_module)
App 3503378 output:   File "<frozen importlib._bootstrap_external>", line 850, in exec_module
App 3503378 output:   File "<frozen importlib._bootstrap>", line 228, in _call_with_frames_removed
App 3503378 output:   File "/home/bizpromy/domains/api-nes.bizpro.my.id/public_html/passenger_wsgi.py", line 1, in <module>
App 3503378 output:     
App 3503378 output: from wsgi import app as application
App 3503378 output:   File "/home/bizpromy/domains/api-nes.bizpro.my.id/public_html/wsgi.py", line 3, in <module>
App 3503378 output:     app = create_app()
App 3503378 output: 
App 3503378 output:   File "/home/bizpromy/domains/api-nes.bizpro.my.id/public_html/app/__init__.py", line 32, in create_app
App 3503378 output:     from .routes import activity_gallery_routes
App 3503378 output:   File "/home/bizpromy/domains/api-nes.bizpro.my.id/public_html/app/routes/activity_gallery_routes.py", line 14
App 3503378 output:     data = get_all_activity_gallery()
App 3503378 output:     ^
App 3503378 output: IndentationError: expected an indented block
App 3512864 output: Traceback (most recent call last):
App 3512864 output:   File "/opt/passenger/src/helper-scripts/wsgi-loader.py", line 384, in <module>
App 3512864 output:     
App 3512864 output: app_module = load_app()
App 3512864 output:   File "/opt/passenger/src/helper-scripts/wsgi-loader.py", line 88, in load_app
App 3512864 output:     spec.loader.exec_module(app_module)
App 3512864 output: 
App 3512864 output:   File "<frozen importlib._bootstrap_external>", line 850, in exec_module
App 3512864 output:   File "<frozen importlib._bootstrap>", line 228, in _call_with_frames_removed
App 3512864 output:   File "/home/bizpromy/domains/api-nes.bizpro.my.id/public_html/passenger_wsgi.py", line 1, in <module>
App 3512864 output:     
App 3512864 output: from wsgi import app as application
App 3512864 output:   File "/home/bizpromy/domains/api-nes.bizpro.my.id/public_html/wsgi.py", line 3, in <module>
App 3512864 output:     
App 3512864 output: app = create_app()
App 3512864 output:   File "/home/bizpromy/domains/api-nes.bizpro.my.id/public_html/app/__init__.py", line 32, in create_app
App 3512864 output:     from .routes import activity_gallery_routes
App 3512864 output: 
App 3512864 output:   File "/home/bizpromy/domains/api-nes.bizpro.my.id/public_html/app/routes/activity_gallery_routes.py", line 14
App 3512864 output:     data = get_all_activity_gallery()
App 3512864 output:     ^
App 3512864 output: IndentationError
App 3512864 output: : expected an indented block
App 3513706 output: Traceback (most recent call last):
App 3513706 output:   File "/opt/passenger/src/helper-scripts/wsgi-loader.py", line 384, in <module>
App 3513706 output:     
App 3513706 output: app_module = load_app()
App 3513706 output:   File "/opt/passenger/src/helper-scripts/wsgi-loader.py", line 88, in load_app
App 3513706 output:     
App 3513706 output: spec.loader.exec_module(app_module)
App 3513706 output:   File "<frozen importlib._bootstrap_external>", line 850, in exec_module
App 3513706 output:   File "<frozen importlib._bootstrap>", line 228, in _call_with_frames_removed
App 3513706 output:   File "/home/bizpromy/domains/api-nes.bizpro.my.id/public_html/passenger_wsgi.py", line 1, in <module>
App 3513706 output:     
App 3513706 output: from wsgi import app as application
App 3513706 output:   File "/home/bizpromy/domains/api-nes.bizpro.my.id/public_html/wsgi.py", line 3, in <module>
App 3513706 output:     
App 3513706 output: app = create_app()
App 3513706 output:   File "/home/bizpromy/domains/api-nes.bizpro.my.id/public_html/app/__init__.py", line 32, in create_app
App 3513706 output:     
App 3513706 output: from .routes import activity_gallery_routes
App 3513706 output:   File "/home/bizpromy/domains/api-nes.bizpro.my.id/public_html/app/routes/activity_gallery_routes.py", line 14
App 3513706 output:     data = get_all_activity_gallery()
App 3513706 output:     ^
App 3513706 output: IndentationError: expected an indented block
App 3523924 output: Traceback (most recent call last):
App 3523924 output:   File "/opt/passenger/src/helper-scripts/wsgi-loader.py", line 384, in <module>
App 3523924 output:     
App 3523924 output: app_module = load_app()
App 3523924 output:   File "/opt/passenger/src/helper-scripts/wsgi-loader.py", line 88, in load_app
App 3523924 output:     
App 3523924 output: spec.loader.exec_module(app_module)
App 3523924 output:   File "<frozen importlib._bootstrap_external>", line 850, in exec_module
App 3523924 output:   File "<frozen importlib._bootstrap>", line 228, in _call_with_frames_removed
App 3523924 output:   File "/home/bizpromy/domains/api-nes.bizpro.my.id/public_html/passenger_wsgi.py", line 1, in <module>
App 3523924 output:     
App 3523924 output: from wsgi import app as application
App 3523924 output:   File "/home/bizpromy/domains/api-nes.bizpro.my.id/public_html/wsgi.py", line 3, in <module>
App 3523924 output:     
App 3523924 output: app = create_app()
App 3523924 output:   File "/home/bizpromy/domains/api-nes.bizpro.my.id/public_html/app/__init__.py", line 38, in create_app
App 3523924 output:     from .routes import newsletters_routes
App 3523924 output: 
App 3523924 output:   File "/home/bizpromy/domains/api-nes.bizpro.my.id/public_html/app/routes/newsletters_routes.py", line 14
App 3523924 output:     data = get_all_newsletters()
App 3523924 output:     ^
App 3523924 output: IndentationError: expected an indented block
App 3524075 output: Traceback (most recent call last):
App 3524075 output:   File "/opt/passenger/src/helper-scripts/wsgi-loader.py", line 384, in <module>
App 3524075 output:     
App 3524075 output: app_module = load_app()
App 3524075 output:   File "/opt/passenger/src/helper-scripts/wsgi-loader.py", line 88, in load_app
App 3524075 output:     
App 3524075 output: spec.loader.exec_module(app_module)
App 3524075 output:   File "<frozen importlib._bootstrap_external>", line 850, in exec_module
App 3524075 output:   File "<frozen importlib._bootstrap>", line 228, in _call_with_frames_removed
App 3524075 output:   File "/home/bizpromy/domains/api-nes.bizpro.my.id/public_html/passenger_wsgi.py", line 1, in <module>
App 3524075 output:     
App 3524075 output: from wsgi import app as application
App 3524075 output:   File "/home/bizpromy/domains/api-nes.bizpro.my.id/public_html/wsgi.py", line 3, in <module>
App 3524075 output:     
App 3524075 output: app = create_app()
App 3524075 output:   File "/home/bizpromy/domains/api-nes.bizpro.my.id/public_html/app/__init__.py", line 38, in create_app
App 3524075 output:     
App 3524075 output: from .routes import newsletters_routes
App 3524075 output:   File "/home/bizpromy/domains/api-nes.bizpro.my.id/public_html/app/routes/newsletters_routes.py", line 14
App 3524075 output:     data = get_all_newsletters()
App 3524075 output:     ^
App 3524075 output: IndentationError: expected an indented block
App 3524233 output: Traceback (most recent call last):
App 3524233 output:   File "/opt/passenger/src/helper-scripts/wsgi-loader.py", line 384, in <module>
App 3524233 output:     
App 3524233 output: app_module = load_app()
App 3524233 output:   File "/opt/passenger/src/helper-scripts/wsgi-loader.py", line 88, in load_app
App 3524233 output:     
App 3524233 output: spec.loader.exec_module(app_module)
App 3524233 output:   File "<frozen importlib._bootstrap_external>", line 850, in exec_module
App 3524233 output:   File "<frozen importlib._bootstrap>", line 228, in _call_with_frames_removed
App 3524233 output:   File "/home/bizpromy/domains/api-nes.bizpro.my.id/public_html/passenger_wsgi.py", line 1, in <module>
App 3524233 output:     
App 3524233 output: from wsgi import app as application
App 3524233 output:   File "/home/bizpromy/domains/api-nes.bizpro.my.id/public_html/wsgi.py", line 3, in <module>
App 3524233 output:     
App 3524233 output: app = create_app()
App 3524233 output:   File "/home/bizpromy/domains/api-nes.bizpro.my.id/public_html/app/__init__.py", line 38, in create_app
App 3524233 output:     
App 3524233 output: from .routes import newsletters_routes
App 3524233 output:   File "/home/bizpromy/domains/api-nes.bizpro.my.id/public_html/app/routes/newsletters_routes.py", line 14
App 3524233 output:     data = get_all_newsletters()
App 3524233 output:     ^
App 3524233 output: IndentationError: expected an indented block
App 3524500 output: Traceback (most recent call last):
App 3524500 output:   File "/opt/passenger/src/helper-scripts/wsgi-loader.py", line 384, in <module>
App 3524500 output:     app_module = load_app()
App 3524500 output:   File "/opt/passenger/src/helper-scripts/wsgi-loader.py", line 88, in load_app
App 3524500 output:     spec.loader.exec_module(app_module)
App 3524500 output: 
App 3524500 output:   File "<frozen importlib._bootstrap_external>", line 850, in exec_module
App 3524500 output:   File "<frozen importlib._bootstrap>", line 228, in _call_with_frames_removed
App 3524500 output:   File "/home/bizpromy/domains/api-nes.bizpro.my.id/public_html/passenger_wsgi.py", line 1, in <module>
App 3524500 output:     
App 3524500 output: from wsgi import app as application
App 3524500 output:   File "/home/bizpromy/domains/api-nes.bizpro.my.id/public_html/wsgi.py", line 3, in <module>
App 3524500 output:     
App 3524500 output: app = create_app()
App 3524500 output:   File "/home/bizpromy/domains/api-nes.bizpro.my.id/public_html/app/__init__.py", line 38, in create_app
App 3524500 output:     
App 3524500 output: from .routes import newsletters_routes
App 3524500 output:   File "/home/bizpromy/domains/api-nes.bizpro.my.id/public_html/app/routes/newsletters_routes.py", line 14
App 3524500 output:     data = get_all_newsletters()
App 3524500 output:     ^
App 3524500 output: IndentationError: expected an indented block
App 3524782 output: Traceback (most recent call last):
App 3524782 output:   File "/opt/passenger/src/helper-scripts/wsgi-loader.py", line 384, in <module>
App 3524782 output:     
App 3524782 output: app_module = load_app()
App 3524782 output:   File "/opt/passenger/src/helper-scripts/wsgi-loader.py", line 88, in load_app
App 3524782 output:     
App 3524782 output: spec.loader.exec_module(app_module)
App 3524782 output:   File "<frozen importlib._bootstrap_external>", line 850, in exec_module
App 3524782 output:   File "<frozen importlib._bootstrap>", line 228, in _call_with_frames_removed
App 3524782 output:   File "/home/bizpromy/domains/api-nes.bizpro.my.id/public_html/passenger_wsgi.py", line 1, in <module>
App 3524782 output:     
App 3524782 output: from wsgi import app as application
App 3524782 output:   File "/home/bizpromy/domains/api-nes.bizpro.my.id/public_html/wsgi.py", line 3, in <module>
App 3524782 output:     
App 3524782 output: app = create_app()
App 3524782 output:   File "/home/bizpromy/domains/api-nes.bizpro.my.id/public_html/app/__init__.py", line 38, in create_app
App 3524782 output:     
App 3524782 output: from .routes import newsletters_routes
App 3524782 output:   File "/home/bizpromy/domains/api-nes.bizpro.my.id/public_html/app/routes/newsletters_routes.py", line 14
App 3524782 output:     data = get_all_newsletters()
App 3524782 output:     ^
App 3524782 output: IndentationError: expected an indented block
App 3526667 output: Traceback (most recent call last):
App 3526667 output:   File "/opt/passenger/src/helper-scripts/wsgi-loader.py", line 384, in <module>
App 3526667 output:     
App 3526667 output: app_module = load_app()
App 3526667 output:   File "/opt/passenger/src/helper-scripts/wsgi-loader.py", line 88, in load_app
App 3526667 output:     
App 3526667 output: spec.loader.exec_module(app_module)
App 3526667 output:   File "<frozen importlib._bootstrap_external>", line 850, in exec_module
App 3526667 output:   File "<frozen importlib._bootstrap>", line 228, in _call_with_frames_removed
App 3526667 output:   File "/home/bizpromy/domains/api-nes.bizpro.my.id/public_html/passenger_wsgi.py", line 1, in <module>
App 3526667 output:     
App 3526667 output: from wsgi import app as application
App 3526667 output:   File "/home/bizpromy/domains/api-nes.bizpro.my.id/public_html/wsgi.py", line 3, in <module>
App 3526667 output:     
App 3526667 output: app = create_app()
App 3526667 output:   File "/home/bizpromy/domains/api-nes.bizpro.my.id/public_html/app/__init__.py", line 38, in create_app
App 3526667 output:     
App 3526667 output: from .routes import newsletters_routes
App 3526667 output:   File "/home/bizpromy/domains/api-nes.bizpro.my.id/public_html/app/routes/newsletters_routes.py", line 14
App 3526667 output:     data = get_all_newsletters()
App 3526667 output:     ^
App 3526667 output: IndentationError
App 3526667 output: : expected an indented block
App 3526831 output: Traceback (most recent call last):
App 3526831 output:   File "/opt/passenger/src/helper-scripts/wsgi-loader.py", line 384, in <module>
App 3526831 output:     app_module = load_app()
App 3526831 output: 
App 3526831 output:   File "/opt/passenger/src/helper-scripts/wsgi-loader.py", line 88, in load_app
App 3526831 output:     spec.loader.exec_module(app_module)
App 3526831 output:   File "<frozen importlib._bootstrap_external>", line 850, in exec_module
App 3526831 output:   File "<frozen importlib._bootstrap>", line 228, in _call_with_frames_removed
App 3526831 output:   File "/home/bizpromy/domains/api-nes.bizpro.my.id/public_html/passenger_wsgi.py", line 1, in <module>
App 3526831 output:     from wsgi import app as application
App 3526831 output: 
App 3526831 output:   File "/home/bizpromy/domains/api-nes.bizpro.my.id/public_html/wsgi.py", line 3, in <module>
App 3526831 output:     app = create_app()
App 3526831 output:   File "/home/bizpromy/domains/api-nes.bizpro.my.id/public_html/app/__init__.py", line 38, in create_app
App 3526831 output:     from .routes import newsletters_routes
App 3526831 output:   File "/home/bizpromy/domains/api-nes.bizpro.my.id/public_html/app/routes/newsletters_routes.py", line 14
App 3526831 output:     data = get_all_newsletters()
App 3526831 output:     ^
App 3526831 output: IndentationError: expected an indented block
App 3527242 output: Traceback (most recent call last):
App 3527242 output:   File "/opt/passenger/src/helper-scripts/wsgi-loader.py", line 384, in <module>
App 3527242 output:     
App 3527242 output: app_module = load_app()
App 3527242 output:   File "/opt/passenger/src/helper-scripts/wsgi-loader.py", line 88, in load_app
App 3527242 output:     
App 3527242 output: spec.loader.exec_module(app_module)
App 3527242 output:   File "<frozen importlib._bootstrap_external>", line 850, in exec_module
App 3527242 output:   File "<frozen importlib._bootstrap>", line 228, in _call_with_frames_removed
App 3527242 output:   File "/home/bizpromy/domains/api-nes.bizpro.my.id/public_html/passenger_wsgi.py", line 1, in <module>
App 3527242 output:     
App 3527242 output: from wsgi import app as application
App 3527242 output:   File "/home/bizpromy/domains/api-nes.bizpro.my.id/public_html/wsgi.py", line 3, in <module>
App 3527242 output:     
App 3527242 output: app = create_app()
App 3527242 output:   File "/home/bizpromy/domains/api-nes.bizpro.my.id/public_html/app/__init__.py", line 38, in create_app
App 3527242 output:     
App 3527242 output: from .routes import newsletters_routes
App 3527242 output:   File "/home/bizpromy/domains/api-nes.bizpro.my.id/public_html/app/routes/newsletters_routes.py", line 14
App 3527242 output:     data = get_all_newsletters()
App 3527242 output:     
App 3527242 output: ^
App 3527242 output: IndentationError: expected an indented block
App 3527362 output: Traceback (most recent call last):
App 3527362 output:   File "/opt/passenger/src/helper-scripts/wsgi-loader.py", line 384, in <module>
App 3527362 output:     
App 3527362 output: app_module = load_app()
App 3527362 output:   File "/opt/passenger/src/helper-scripts/wsgi-loader.py", line 88, in load_app
App 3527362 output:     
App 3527362 output: spec.loader.exec_module(app_module)
App 3527362 output:   File "<frozen importlib._bootstrap_external>", line 850, in exec_module
App 3527362 output:   File "<frozen importlib._bootstrap>", line 228, in _call_with_frames_removed
App 3527362 output:   File "/home/bizpromy/domains/api-nes.bizpro.my.id/public_html/passenger_wsgi.py", line 1, in <module>
App 3527362 output:     
App 3527362 output: from wsgi import app as application
App 3527362 output:   File "/home/bizpromy/domains/api-nes.bizpro.my.id/public_html/wsgi.py", line 3, in <module>
App 3527362 output:     
App 3527362 output: app = create_app()
App 3527362 output:   File "/home/bizpromy/domains/api-nes.bizpro.my.id/public_html/app/__init__.py", line 38, in create_app
App 3527362 output:     
App 3527362 output: from .routes import newsletters_routes
App 3527362 output:   File "/home/bizpromy/domains/api-nes.bizpro.my.id/public_html/app/routes/newsletters_routes.py", line 14
App 3527362 output:     data = get_all_newsletters()
App 3527362 output:     ^
App 3527362 output: IndentationError: expected an indented block
App 3531207 output: Traceback (most recent call last):
App 3531207 output:   File "/opt/passenger/src/helper-scripts/wsgi-loader.py", line 384, in <module>
App 3531207 output:     
App 3531207 output: app_module = load_app()
App 3531207 output:   File "/opt/passenger/src/helper-scripts/wsgi-loader.py", line 88, in load_app
App 3531207 output:     
App 3531207 output: spec.loader.exec_module(app_module)
App 3531207 output:   File "<frozen importlib._bootstrap_external>", line 850, in exec_module
App 3531207 output:   File "<frozen importlib._bootstrap>", line 228, in _call_with_frames_removed
App 3531207 output:   File "/home/bizpromy/domains/api-nes.bizpro.my.id/public_html/passenger_wsgi.py", line 1, in <module>
App 3531207 output:     
App 3531207 output: from wsgi import app as application
App 3531207 output:   File "/home/bizpromy/domains/api-nes.bizpro.my.id/public_html/wsgi.py", line 3, in <module>
App 3531207 output:     
App 3531207 output: app = create_app()
App 3531207 output:   File "/home/bizpromy/domains/api-nes.bizpro.my.id/public_html/app/__init__.py", line 38, in create_app
App 3531207 output:     
App 3531207 output: from .routes import newsletters_routes
App 3531207 output:   File "/home/bizpromy/domains/api-nes.bizpro.my.id/public_html/app/routes/newsletters_routes.py", line 14
App 3531207 output:     data = get_all_newsletters()
App 3531207 output:     ^
App 3531207 output: IndentationError: expected an indented block
App 3531419 output: Traceback (most recent call last):
App 3531419 output:   File "/opt/passenger/src/helper-scripts/wsgi-loader.py", line 384, in <module>
App 3531419 output:     
App 3531419 output: app_module = load_app()
App 3531419 output:   File "/opt/passenger/src/helper-scripts/wsgi-loader.py", line 88, in load_app
App 3531419 output:     
App 3531419 output: spec.loader.exec_module(app_module)
App 3531419 output:   File "<frozen importlib._bootstrap_external>", line 850, in exec_module
App 3531419 output:   File "<frozen importlib._bootstrap>", line 228, in _call_with_frames_removed
App 3531419 output:   File "/home/bizpromy/domains/api-nes.bizpro.my.id/public_html/passenger_wsgi.py", line 1, in <module>
App 3531419 output:     
App 3531419 output: from wsgi import app as application
App 3531419 output:   File "/home/bizpromy/domains/api-nes.bizpro.my.id/public_html/wsgi.py", line 3, in <module>
App 3531419 output:     app = create_app()
App 3531419 output: 
App 3531419 output:   File "/home/bizpromy/domains/api-nes.bizpro.my.id/public_html/app/__init__.py", line 38, in create_app
App 3531419 output:     
App 3531419 output: from .routes import newsletters_routes
App 3531419 output:   File "/home/bizpromy/domains/api-nes.bizpro.my.id/public_html/app/routes/newsletters_routes.py", line 14
App 3531419 output:     data = get_all_newsletters()
App 3531419 output:     
App 3531419 output: ^
App 3531419 output: IndentationError: expected an indented block
App 3531858 output: Traceback (most recent call last):
App 3531858 output:   File "/opt/passenger/src/helper-scripts/wsgi-loader.py", line 384, in <module>
App 3531858 output:     
App 3531858 output: app_module = load_app()
App 3531858 output:   File "/opt/passenger/src/helper-scripts/wsgi-loader.py", line 88, in load_app
App 3531858 output:     
App 3531858 output: spec.loader.exec_module(app_module)
App 3531858 output:   File "<frozen importlib._bootstrap_external>", line 850, in exec_module
App 3531858 output:   File "<frozen importlib._bootstrap>", line 228, in _call_with_frames_removed
App 3531858 output:   File "/home/bizpromy/domains/api-nes.bizpro.my.id/public_html/passenger_wsgi.py", line 1, in <module>
App 3531858 output:     
App 3531858 output: from wsgi import app as application
App 3531858 output:   File "/home/bizpromy/domains/api-nes.bizpro.my.id/public_html/wsgi.py", line 3, in <module>
App 3531858 output:     
App 3531858 output: app = create_app()
App 3531858 output:   File "/home/bizpromy/domains/api-nes.bizpro.my.id/public_html/app/__init__.py", line 38, in create_app
App 3531858 output:     from .routes import newsletters_routes
App 3531858 output:   File "/home/bizpromy/domains/api-nes.bizpro.my.id/public_html/app/routes/newsletters_routes.py", line 14
App 3531858 output:     data = get_all_newsletters()
App 3531858 output:     ^
App 3531858 output: IndentationError: expected an indented block
App 3532946 output: Traceback (most recent call last):
App 3532946 output:   File "/opt/passenger/src/helper-scripts/wsgi-loader.py", line 384, in <module>
App 3532946 output:     
App 3532946 output: app_module = load_app()
App 3532946 output:   File "/opt/passenger/src/helper-scripts/wsgi-loader.py", line 88, in load_app
App 3532946 output:     
App 3532946 output: spec.loader.exec_module(app_module)
App 3532946 output:   File "<frozen importlib._bootstrap_external>", line 850, in exec_module
App 3532946 output:   File "<frozen importlib._bootstrap>", line 228, in _call_with_frames_removed
App 3532946 output:   File "/home/bizpromy/domains/api-nes.bizpro.my.id/public_html/passenger_wsgi.py", line 1, in <module>
App 3532946 output:     
App 3532946 output: from wsgi import app as application
App 3532946 output:   File "/home/bizpromy/domains/api-nes.bizpro.my.id/public_html/wsgi.py", line 3, in <module>
App 3532946 output:     
App 3532946 output: app = create_app()
App 3532946 output:   File "/home/bizpromy/domains/api-nes.bizpro.my.id/public_html/app/__init__.py", line 38, in create_app
App 3532946 output:     
App 3532946 output: from .routes import newsletters_routes
App 3532946 output:   File "/home/bizpromy/domains/api-nes.bizpro.my.id/public_html/app/routes/newsletters_routes.py", line 14
App 3532946 output:     data = get_all_newsletters()
App 3532946 output:     ^
App 3532946 output: IndentationError: expected an indented block
App 3533192 output: Traceback (most recent call last):
App 3533192 output:   File "/opt/passenger/src/helper-scripts/wsgi-loader.py", line 384, in <module>
App 3533192 output:     
App 3533192 output: app_module = load_app()
App 3533192 output:   File "/opt/passenger/src/helper-scripts/wsgi-loader.py", line 88, in load_app
App 3533192 output:     
App 3533192 output: spec.loader.exec_module(app_module)
App 3533192 output:   File "<frozen importlib._bootstrap_external>", line 850, in exec_module
App 3533192 output:   File "<frozen importlib._bootstrap>", line 228, in _call_with_frames_removed
App 3533192 output:   File "/home/bizpromy/domains/api-nes.bizpro.my.id/public_html/passenger_wsgi.py", line 1, in <module>
App 3533192 output:     
App 3533192 output: from wsgi import app as application
App 3533192 output:   File "/home/bizpromy/domains/api-nes.bizpro.my.id/public_html/wsgi.py", line 3, in <module>
App 3533192 output:     
App 3533192 output: app = create_app()
App 3533192 output:   File "/home/bizpromy/domains/api-nes.bizpro.my.id/public_html/app/__init__.py", line 38, in create_app
App 3533192 output:     
App 3533192 output: from .routes import newsletters_routes
App 3533192 output:   File "/home/bizpromy/domains/api-nes.bizpro.my.id/public_html/app/routes/newsletters_routes.py", line 14
App 3533192 output:     data = get_all_newsletters()
App 3533192 output:     ^
App 3533192 output: IndentationError: expected an indented block
App 3602952 output: Traceback (most recent call last):
App 3602952 output:   File "/opt/passenger/src/helper-scripts/wsgi-loader.py", line 384, in <module>
App 3602952 output:     app_module = load_app()
App 3602952 output: 
App 3602952 output:   File "/opt/passenger/src/helper-scripts/wsgi-loader.py", line 88, in load_app
App 3602952 output:     spec.loader.exec_module(app_module)
App 3602952 output: 
App 3602952 output:   File "<frozen importlib._bootstrap_external>", line 850, in exec_module
App 3602952 output:   File "<frozen importlib._bootstrap>", line 228, in _call_with_frames_removed
App 3602952 output:   File "/home/bizpromy/domains/api-nes.bizpro.my.id/public_html/passenger_wsgi.py", line 1, in <module>
App 3602952 output:     from wsgi import app as application
App 3602952 output:   File "/home/bizpromy/domains/api-nes.bizpro.my.id/public_html/wsgi.py", line 3, in <module>
App 3602952 output:     app = create_app()
App 3602952 output:   File "/home/bizpromy/domains/api-nes.bizpro.my.id/public_html/app/__init__.py", line 47, in create_app
App 3602952 output:     from .routes import mobile_applications_routes
App 3602952 output:   File "/home/bizpromy/domains/api-nes.bizpro.my.id/public_html/app/routes/mobile_applications_routes.py", line 3, in <module>
App 3602952 output:     from app.models.mobile_applications_model import (
App 3602952 output:   File "/home/bizpromy/domains/api-nes.bizpro.my.id/public_html/app/models/mobile_applications_model.py", line 61
App 3602952 output:     cursor.execute("UPDATE mobile_applications SET is_active=0 WHERE
App 3602952 output:                                                                     ^
App 3602952 output: SyntaxError: EOL while scanning string literal
App 3608578 output: Traceback (most recent call last):
App 3608578 output:   File "/opt/passenger/src/helper-scripts/wsgi-loader.py", line 384, in <module>
App 3608578 output:     
App 3608578 output: app_module = load_app()
App 3608578 output:   File "/opt/passenger/src/helper-scripts/wsgi-loader.py", line 88, in load_app
App 3608578 output:     
App 3608578 output: spec.loader.exec_module(app_module)
App 3608578 output:   File "<frozen importlib._bootstrap_external>", line 850, in exec_module
App 3608578 output:   File "<frozen importlib._bootstrap>", line 228, in _call_with_frames_removed
App 3608578 output:   File "/home/bizpromy/domains/api-nes.bizpro.my.id/public_html/passenger_wsgi.py", line 1, in <module>
App 3608578 output:     
App 3608578 output: from wsgi import app as application
App 3608578 output:   File "/home/bizpromy/domains/api-nes.bizpro.my.id/public_html/wsgi.py", line 3, in <module>
App 3608578 output:     
App 3608578 output: app = create_app()
App 3608578 output:   File "/home/bizpromy/domains/api-nes.bizpro.my.id/public_html/app/__init__.py", line 47, in create_app
App 3608578 output:     
App 3608578 output: from .routes import mobile_applications_routes
App 3608578 output:   File "/home/bizpromy/domains/api-nes.bizpro.my.id/public_html/app/routes/mobile_applications_routes.py", line 3, in <module>
App 3608578 output:     
App 3608578 output: from app.models.mobile_applications_model import (
App 3608578 output:   File "/home/bizpromy/domains/api-nes.bizpro.my.id/public_html/app/models/mobile_applications_model.py", line 61
App 3608578 output:     
App 3608578 output: cursor.execute("UPDATE mobile_applications SET is_active=0 WHERE
App 3608578 output:                        
App 3608578 output:                
App 3608578 output:         
App 3608578 output:         
App 3608578 output:         
App 3608578 output:       ^
App 3608578 output: SyntaxError: EOL while scanning string literal
App 3611240 output: Traceback (most recent call last):
App 3611240 output:   File "/opt/passenger/src/helper-scripts/wsgi-loader.py", line 384, in <module>
App 3611240 output:     
App 3611240 output: app_module = load_app()
App 3611240 output:   File "/opt/passenger/src/helper-scripts/wsgi-loader.py", line 88, in load_app
App 3611240 output:     
App 3611240 output: spec.loader.exec_module(app_module)
App 3611240 output:   File "<frozen importlib._bootstrap_external>", line 850, in exec_module
App 3611240 output:   File "<frozen importlib._bootstrap>", line 228, in _call_with_frames_removed
App 3611240 output:   File "/home/bizpromy/domains/api-nes.bizpro.my.id/public_html/passenger_wsgi.py", line 1, in <module>
App 3611240 output:     
App 3611240 output: from wsgi import app as application
App 3611240 output:   File "/home/bizpromy/domains/api-nes.bizpro.my.id/public_html/wsgi.py", line 3, in <module>
App 3611240 output:     
App 3611240 output: app = create_app()
App 3611240 output:   File "/home/bizpromy/domains/api-nes.bizpro.my.id/public_html/app/__init__.py", line 47, in create_app
App 3611240 output:     
App 3611240 output: from .routes import mobile_applications_routes
App 3611240 output:   File "/home/bizpromy/domains/api-nes.bizpro.my.id/public_html/app/routes/mobile_applications_routes.py", line 3, in <module>
App 3611240 output:     
App 3611240 output: from app.models.mobile_applications_model import (
App 3611240 output:   File "/home/bizpromy/domains/api-nes.bizpro.my.id/public_html/app/models/mobile_applications_model.py", line 61
App 3611240 output:     cursor.execute("UPDATE mobile_applications SET is_active=0 WHERE
App 3611240 output:      
App 3611240 output:                                            
App 3611240 output:               
App 3611240 output:       ^
App 3611240 output: SyntaxError: EOL while scanning string literal
App 3614023 output: Traceback (most recent call last):
App 3614023 output:   File "/opt/passenger/src/helper-scripts/wsgi-loader.py", line 384, in <module>
App 3614023 output:     app_module = load_app()
App 3614023 output: 
App 3614023 output:   File "/opt/passenger/src/helper-scripts/wsgi-loader.py", line 88, in load_app
App 3614023 output:     
App 3614023 output: spec.loader.exec_module(app_module)
App 3614023 output:   File "<frozen importlib._bootstrap_external>", line 850, in exec_module
App 3614023 output:   File "<frozen importlib._bootstrap>", line 228, in _call_with_frames_removed
App 3614023 output:   File "/home/bizpromy/domains/api-nes.bizpro.my.id/public_html/passenger_wsgi.py", line 1, in <module>
App 3614023 output:     
App 3614023 output: from wsgi import app as application
App 3614023 output:   File "/home/bizpromy/domains/api-nes.bizpro.my.id/public_html/wsgi.py", line 3, in <module>
App 3614023 output:     app = create_app()
App 3614023 output: 
App 3614023 output:   File "/home/bizpromy/domains/api-nes.bizpro.my.id/public_html/app/__init__.py", line 47, in create_app
App 3614023 output:     
App 3614023 output: from .routes import mobile_applications_routes
App 3614023 output:   File "/home/bizpromy/domains/api-nes.bizpro.my.id/public_html/app/routes/mobile_applications_routes.py", line 3, in <module>
App 3614023 output:     
App 3614023 output: from app.models.mobile_applications_model import (
App 3614023 output:   File "/home/bizpromy/domains/api-nes.bizpro.my.id/public_html/app/models/mobile_applications_model.py", line 61
App 3614023 output:     cursor.execute("UPDATE mobile_applications SET is_active=0 WHERE
App 3614023 output:       
App 3614023 output:                                            
App 3614023 output:             
App 3614023 output:        ^
App 3614023 output: SyntaxError: 
App 3614023 output: EOL while scanning string literal
App 3614814 output: Traceback (most recent call last):
App 3614814 output:   File "/opt/passenger/src/helper-scripts/wsgi-loader.py", line 384, in <module>
App 3614814 output:     
App 3614814 output: app_module = load_app()
App 3614814 output:   File "/opt/passenger/src/helper-scripts/wsgi-loader.py", line 88, in load_app
App 3614814 output:     
App 3614814 output: spec.loader.exec_module(app_module)
App 3614814 output:   File "<frozen importlib._bootstrap_external>", line 850, in exec_module
App 3614814 output:   File "<frozen importlib._bootstrap>", line 228, in _call_with_frames_removed
App 3614814 output:   File "/home/bizpromy/domains/api-nes.bizpro.my.id/public_html/passenger_wsgi.py", line 1, in <module>
App 3614814 output:     
App 3614814 output: from wsgi import app as application
App 3614814 output:   File "/home/bizpromy/domains/api-nes.bizpro.my.id/public_html/wsgi.py", line 3, in <module>
App 3614814 output:     
App 3614814 output: app = create_app()
App 3614814 output:   File "/home/bizpromy/domains/api-nes.bizpro.my.id/public_html/app/__init__.py", line 47, in create_app
App 3614814 output:     
App 3614814 output: from .routes import mobile_applications_routes
App 3614814 output:   File "/home/bizpromy/domains/api-nes.bizpro.my.id/public_html/app/routes/mobile_applications_routes.py", line 3, in <module>
App 3614814 output:     from app.models.mobile_applications_model import (
App 3614814 output:   File "/home/bizpromy/domains/api-nes.bizpro.my.id/public_html/app/models/mobile_applications_model.py", line 61
App 3614814 output:     cursor.execute("UPDATE mobile_applications SET is_active=0 WHERE
App 3614814 output:              
App 3614814 output:                                  
App 3614814 output:             
App 3614814 output:           ^
App 3614814 output: SyntaxError: EOL while scanning string literal
App 3615742 output: Traceback (most recent call last):
App 3615742 output:   File "/opt/passenger/src/helper-scripts/wsgi-loader.py", line 384, in <module>
App 3615742 output:     
App 3615742 output: app_module = load_app()
App 3615742 output:   File "/opt/passenger/src/helper-scripts/wsgi-loader.py", line 88, in load_app
App 3615742 output:     spec.loader.exec_module(app_module)
App 3615742 output:   File "<frozen importlib._bootstrap_external>", line 850, in exec_module
App 3615742 output:   File "<frozen importlib._bootstrap>", line 228, in _call_with_frames_removed
App 3615742 output:   File "/home/bizpromy/domains/api-nes.bizpro.my.id/public_html/passenger_wsgi.py", line 1, in <module>
App 3615742 output:     
App 3615742 output: from wsgi import app as application
App 3615742 output:   File "/home/bizpromy/domains/api-nes.bizpro.my.id/public_html/wsgi.py", line 3, in <module>
App 3615742 output:     
App 3615742 output: app = create_app()
App 3615742 output:   File "/home/bizpromy/domains/api-nes.bizpro.my.id/public_html/app/__init__.py", line 47, in create_app
App 3615742 output:     
App 3615742 output: from .routes import mobile_applications_routes
App 3615742 output:   File "/home/bizpromy/domains/api-nes.bizpro.my.id/public_html/app/routes/mobile_applications_routes.py", line 3, in <module>
App 3615742 output:     from app.models.mobile_applications_model import (
App 3615742 output:   File "/home/bizpromy/domains/api-nes.bizpro.my.id/public_html/app/models/mobile_applications_model.py", line 61
App 3615742 output:     cursor.execute("UPDATE mobile_applications SET is_active=0 WHERE
App 3615742 output:      
App 3615742 output:                                             
App 3615742 output:             
App 3615742 output:        ^
App 3615742 output: SyntaxError: EOL while scanning string literal
App 3615742 output: 
App 3621929 output: Traceback (most recent call last):
App 3621929 output:   File "/opt/passenger/src/helper-scripts/wsgi-loader.py", line 384, in <module>
App 3621929 output:     
App 3621929 output: app_module = load_app()
App 3621929 output:   File "/opt/passenger/src/helper-scripts/wsgi-loader.py", line 88, in load_app
App 3621929 output:     
App 3621929 output: spec.loader.exec_module(app_module)
App 3621929 output:   File "<frozen importlib._bootstrap_external>", line 850, in exec_module
App 3621929 output:   File "<frozen importlib._bootstrap>", line 228, in _call_with_frames_removed
App 3621929 output:   File "/home/bizpromy/domains/api-nes.bizpro.my.id/public_html/passenger_wsgi.py", line 1, in <module>
App 3621929 output:     
App 3621929 output: from wsgi import app as application
App 3621929 output:   File "/home/bizpromy/domains/api-nes.bizpro.my.id/public_html/wsgi.py", line 3, in <module>
App 3621929 output:     
App 3621929 output: app = create_app()
App 3621929 output:   File "/home/bizpromy/domains/api-nes.bizpro.my.id/public_html/app/__init__.py", line 47, in create_app
App 3621929 output:     
App 3621929 output: from .routes import mobile_applications_routes
App 3621929 output:   File "/home/bizpromy/domains/api-nes.bizpro.my.id/public_html/app/routes/mobile_applications_routes.py", line 14
App 3621929 output:     data = get_all_activity_gallery()
App 3621929 output:     ^
App 3621929 output: IndentationError
App 3621929 output: : expected an indented block
App 1081808 output: Traceback (most recent call last):
App 1081808 output:   File "/opt/passenger/src/helper-scripts/wsgi-loader.py", line 384, in <module>
App 1081808 output:     app_module = load_app()
App 1081808 output:   File "/opt/passenger/src/helper-scripts/wsgi-loader.py", line 88, in load_app
App 1081808 output:     spec.loader.exec_module(app_module)
App 1081808 output:   File "<frozen importlib._bootstrap_external>", line 850, in exec_module
App 1081808 output:   File "<frozen importlib._bootstrap>", line 228, in _call_with_frames_removed
App 1081808 output:   File "/home/bizpromy/domains/api-nes.bizpro.my.id/public_html/passenger_wsgi.py", line 1, in <module>
App 1081808 output:     from wsgi import app as application
App 1081808 output: 
App 1081808 output:   File "/home/bizpromy/domains/api-nes.bizpro.my.id/public_html/wsgi.py", line 1, in <module>
App 1081808 output:     from app import create_app
App 1081808 output: 
App 1081808 output:   File "/home/bizpromy/domains/api-nes.bizpro.my.id/public_html/app/__init__.py", line 77
App 1081808 output:     @app.route('/public/uploads/<filename>')
App 1081808 output: IndentationError: unexpected indent
App 1191057 output: [ pid=1191057, time=2025-06-21 21:42:24,868 ]: File type not allowed: dummy.pdf
App 1205835 output: [ pid=1205835, time=2025-06-21 21:49:21,691 ]: File type not allowed: dummy.pdf
App 1205835 output: [ pid=1205835, time=2025-06-21 21:49:37,299 ]: File type not allowed: dummy.pdf
App 2959708 output: [ pid=2959708, time=2025-06-22 07:15:18,638 ]: Error serving file placeholder.jpg: 404 Not Found: The requested URL was not found on the server. If you entered the URL manually please check your spelling and try again.
App 2959708 output: [ pid=2959708, time=2025-06-22 07:15:19,315 ]: Error serving file placeholder.jpg: 404 Not Found: The requested URL was not found on the server. If you entered the URL manually please check your spelling and try again.
App 2959708 output: [ pid=2959708, time=2025-06-22 07:15:19,699 ]: Error serving file placeholder.jpg: 404 Not Found: The requested URL was not found on the server. If you entered the URL manually please check your spelling and try again.
App 2959708 output: [ pid=2959708, time=2025-06-22 07:15:20,090 ]: Error serving file placeholder.jpg: 404 Not Found: The requested URL was not found on the server. If you entered the URL manually please check your spelling and try again.
App 2959708 output: [ pid=2959708, time=2025-06-22 07:15:20,476 ]: Error serving file placeholder.jpg: 404 Not Found: The requested URL was not found on the server. If you entered the URL manually please check your spelling and try again.
App 2959708 output: [ pid=2959708, time=2025-06-22 07:15:20,855 ]: Error serving file placeholder.jpg: 404 Not Found: The requested URL was not found on the server. If you entered the URL manually please check your spelling and try again.
App 2959708 output: [ pid=2959708, time=2025-06-22 07:15:21,243 ]: Error serving file placeholder.jpg: 404 Not Found: The requested URL was not found on the server. If you entered the URL manually please check your spelling and try again.
App 2959708 output: [ pid=2959708, time=2025-06-22 07:15:21,626 ]: Error serving file placeholder.jpg: 404 Not Found: The requested URL was not found on the server. If you entered the URL manually please check your spelling and try again.
App 2959708 output: [ pid=2959708, time=2025-06-22 07:15:22,012 ]: Error serving file placeholder.jpg: 404 Not Found: The requested URL was not found on the server. If you entered the URL manually please check your spelling and try again.
App 2959708 output: [ pid=2959708, time=2025-06-22 07:15:22,429 ]: Error serving file placeholder.jpg: 404 Not Found: The requested URL was not found on the server. If you entered the URL manually please check your spelling and try again.
App 2959708 output: [ pid=2959708, time=2025-06-22 07:15:22,816 ]: Error serving file placeholder.jpg: 404 Not Found: The requested URL was not found on the server. If you entered the URL manually please check your spelling and try again.
App 2959708 output: [ pid=2959708, time=2025-06-22 07:15:23,399 ]: Error serving file placeholder.jpg: 404 Not Found: The requested URL was not found on the server. If you entered the URL manually please check your spelling and try again.
App 2959708 output: [ pid=2959708, time=2025-06-22 07:15:23,773 ]: Error serving file placeholder.jpg: 404 Not Found: The requested URL was not found on the server. If you entered the URL manually please check your spelling and try again.
App 2959708 output: [ pid=2959708, time=2025-06-22 07:15:27,652 ]: Error serving file placeholder.jpg: 404 Not Found: The requested URL was not found on the server. If you entered the URL manually please check your spelling and try again.
App 2959708 output: [ pid=2959708, time=2025-06-22 07:15:28,070 ]: Error serving file placeholder.jpg: 404 Not Found: The requested URL was not found on the server. If you entered the URL manually please check your spelling and try again.
App 2959708 output: [ pid=2959708, time=2025-06-22 07:15:28,558 ]: Error serving file placeholder.jpg: 404 Not Found: The requested URL was not found on the server. If you entered the URL manually please check your spelling and try again.
App 2959708 output: [ pid=2959708, time=2025-06-22 07:15:28,937 ]: Error serving file placeholder.jpg: 404 Not Found: The requested URL was not found on the server. If you entered the URL manually please check your spelling and try again.
App 2959708 output: [ pid=2959708, time=2025-06-22 07:15:31,012 ]: Error serving file placeholder.jpg: 404 Not Found: The requested URL was not found on the server. If you entered the URL manually please check your spelling and try again.
App 2959708 output: [ pid=2959708, time=2025-06-22 07:15:31,391 ]: Error serving file placeholder.jpg: 404 Not Found: The requested URL was not found on the server. If you entered the URL manually please check your spelling and try again.
App 2959708 output: [ pid=2959708, time=2025-06-22 07:15:31,771 ]: Error serving file placeholder.jpg: 404 Not Found: The requested URL was not found on the server. If you entered the URL manually please check your spelling and try again.
App 2959708 output: [ pid=2959708, time=2025-06-22 07:15:32,348 ]: Error serving file placeholder.jpg: 404 Not Found: The requested URL was not found on the server. If you entered the URL manually please check your spelling and try again.
App 2959708 output: [ pid=2959708, time=2025-06-22 07:15:32,718 ]: Error serving file placeholder.jpg: 404 Not Found: The requested URL was not found on the server. If you entered the URL manually please check your spelling and try again.
App 2959708 output: [ pid=2959708, time=2025-06-22 07:15:33,122 ]: Error serving file placeholder.jpg: 404 Not Found: The requested URL was not found on the server. If you entered the URL manually please check your spelling and try again.
App 2959708 output: [ pid=2959708, time=2025-06-22 07:15:33,502 ]: Error serving file placeholder.jpg: 404 Not Found: The requested URL was not found on the server. If you entered the URL manually please check your spelling and try again.
App 2959708 output: [ pid=2959708, time=2025-06-22 07:15:33,875 ]: Error serving file placeholder.jpg: 404 Not Found: The requested URL was not found on the server. If you entered the URL manually please check your spelling and try again.
App 2959708 output: [ pid=2959708, time=2025-06-22 07:15:34,259 ]: Error serving file placeholder.jpg: 404 Not Found: The requested URL was not found on the server. If you entered the URL manually please check your spelling and try again.
App 2959708 output: [ pid=2959708, time=2025-06-22 07:15:34,628 ]: Error serving file placeholder.jpg: 404 Not Found: The requested URL was not found on the server. If you entered the URL manually please check your spelling and try again.
App 2959708 output: [ pid=2959708, time=2025-06-22 07:15:35,010 ]: Error serving file placeholder.jpg: 404 Not Found: The requested URL was not found on the server. If you entered the URL manually please check your spelling and try again.
App 2959708 output: [ pid=2959708, time=2025-06-22 07:15:35,416 ]: Error serving file placeholder.jpg: 404 Not Found: The requested URL was not found on the server. If you entered the URL manually please check your spelling and try again.
App 2959708 output: [ pid=2959708, time=2025-06-22 07:15:49,533 ]: Error serving file placeholder.jpg: 404 Not Found: The requested URL was not found on the server. If you entered the URL manually please check your spelling and try again.
App 2959708 output: [ pid=2959708, time=2025-06-22 07:15:49,921 ]: Error serving file placeholder.jpg: 404 Not Found: The requested URL was not found on the server. If you entered the URL manually please check your spelling and try again.
App 2959708 output: [ pid=2959708, time=2025-06-22 07:15:50,317 ]: Error serving file placeholder.jpg: 404 Not Found: The requested URL was not found on the server. If you entered the URL manually please check your spelling and try again.
App 2959708 output: [ pid=2959708, time=2025-06-22 07:15:50,695 ]: Error serving file placeholder.jpg: 404 Not Found: The requested URL was not found on the server. If you entered the URL manually please check your spelling and try again.
App 2959708 output: [ pid=2959708, time=2025-06-22 07:15:51,069 ]: Error serving file placeholder.jpg: 404 Not Found: The requested URL was not found on the server. If you entered the URL manually please check your spelling and try again.
App 2959708 output: [ pid=2959708, time=2025-06-22 07:15:51,447 ]: Error serving file placeholder.jpg: 404 Not Found: The requested URL was not found on the server. If you entered the URL manually please check your spelling and try again.
App 2959708 output: [ pid=2959708, time=2025-06-22 07:15:51,817 ]: Error serving file placeholder.jpg: 404 Not Found: The requested URL was not found on the server. If you entered the URL manually please check your spelling and try again.
App 2959708 output: [ pid=2959708, time=2025-06-22 07:15:52,234 ]: Error serving file placeholder.jpg: 404 Not Found: The requested URL was not found on the server. If you entered the URL manually please check your spelling and try again.
App 2959708 output: [ pid=2959708, time=2025-06-22 07:15:52,613 ]: Error serving file placeholder.jpg: 404 Not Found: The requested URL was not found on the server. If you entered the URL manually please check your spelling and try again.
App 2959708 output: [ pid=2959708, time=2025-06-22 07:15:53,054 ]: Error serving file placeholder.jpg: 404 Not Found: The requested URL was not found on the server. If you entered the URL manually please check your spelling and try again.
App 2959708 output: [ pid=2959708, time=2025-06-22 07:15:53,442 ]: Error serving file placeholder.jpg: 404 Not Found: The requested URL was not found on the server. If you entered the URL manually please check your spelling and try again.
App 2959708 output: [ pid=2959708, time=2025-06-22 07:15:54,444 ]: Error serving file placeholder.jpg: 404 Not Found: The requested URL was not found on the server. If you entered the URL manually please check your spelling and try again.
App 2959708 output: [ pid=2959708, time=2025-06-22 07:15:54,828 ]: Error serving file placeholder.jpg: 404 Not Found: The requested URL was not found on the server. If you entered the URL manually please check your spelling and try again.
App 2959708 output: [ pid=2959708, time=2025-06-22 07:15:55,242 ]: Error serving file placeholder.jpg: 404 Not Found: The requested URL was not found on the server. If you entered the URL manually please check your spelling and try again.
App 2959708 output: [ pid=2959708, time=2025-06-22 07:15:55,661 ]: Error serving file placeholder.jpg: 404 Not Found: The requested URL was not found on the server. If you entered the URL manually please check your spelling and try again.
App 2959708 output: [ pid=2959708, time=2025-06-22 07:15:56,098 ]: Error serving file placeholder.jpg: 404 Not Found: The requested URL was not found on the server. If you entered the URL manually please check your spelling and try again.
App 2959708 output: [ pid=2959708, time=2025-06-22 07:15:56,527 ]: Error serving file placeholder.jpg: 404 Not Found: The requested URL was not found on the server. If you entered the URL manually please check your spelling and try again.
App 2959708 output: [ pid=2959708, time=2025-06-22 07:15:56,913 ]: Error serving file placeholder.jpg: 404 Not Found: The requested URL was not found on the server. If you entered the URL manually please check your spelling and try again.
App 2959708 output: [ pid=2959708, time=2025-06-22 07:15:57,299 ]: Error serving file placeholder.jpg: 404 Not Found: The requested URL was not found on the server. If you entered the URL manually please check your spelling and try again.
App 2959708 output: [ pid=2959708, time=2025-06-22 07:15:57,723 ]: Error serving file placeholder.jpg: 404 Not Found: The requested URL was not found on the server. If you entered the URL manually please check your spelling and try again.
App 2959708 output: [ pid=2959708, time=2025-06-22 07:15:58,100 ]: Error serving file placeholder.jpg: 404 Not Found: The requested URL was not found on the server. If you entered the URL manually please check your spelling and try again.
App 2959708 output: [ pid=2959708, time=2025-06-22 07:15:58,477 ]: Error serving file placeholder.jpg: 404 Not Found: The requested URL was not found on the server. If you entered the URL manually please check your spelling and try again.
App 2959708 output: [ pid=2959708, time=2025-06-22 07:15:58,869 ]: Error serving file placeholder.jpg: 404 Not Found: The requested URL was not found on the server. If you entered the URL manually please check your spelling and try again.
App 2959708 output: [ pid=2959708, time=2025-06-22 07:15:59,251 ]: Error serving file placeholder.jpg: 404 Not Found: The requested URL was not found on the server. If you entered the URL manually please check your spelling and try again.
App 2959708 output: [ pid=2959708, time=2025-06-22 07:15:59,832 ]: Error serving file placeholder.jpg: 404 Not Found: The requested URL was not found on the server. If you entered the URL manually please check your spelling and try again.
App 2959708 output: [ pid=2959708, time=2025-06-22 07:16:00,226 ]: Error serving file placeholder.jpg: 404 Not Found: The requested URL was not found on the server. If you entered the URL manually please check your spelling and try again.
App 2959708 output: [ pid=2959708, time=2025-06-22 07:16:00,604 ]: Error serving file placeholder.jpg: 404 Not Found: The requested URL was not found on the server. If you entered the URL manually please check your spelling and try again.
App 2959708 output: [ pid=2959708, time=2025-06-22 07:16:00,985 ]: Error serving file placeholder.jpg: 404 Not Found: The requested URL was not found on the server. If you entered the URL manually please check your spelling and try again.
App 2959708 output: [ pid=2959708, time=2025-06-22 07:16:01,367 ]: Error serving file placeholder.jpg: 404 Not Found: The requested URL was not found on the server. If you entered the URL manually please check your spelling and try again.
App 2959708 output: [ pid=2959708, time=2025-06-22 07:16:01,756 ]: Error serving file placeholder.jpg: 404 Not Found: The requested URL was not found on the server. If you entered the URL manually please check your spelling and try again.
App 2959708 output: [ pid=2959708, time=2025-06-22 07:16:02,156 ]: Error serving file placeholder.jpg: 404 Not Found: The requested URL was not found on the server. If you entered the URL manually please check your spelling and try again.
App 2959708 output: [ pid=2959708, time=2025-06-22 07:16:02,546 ]: Error serving file placeholder.jpg: 404 Not Found: The requested URL was not found on the server. If you entered the URL manually please check your spelling and try again.
App 2959708 output: [ pid=2959708, time=2025-06-22 07:16:02,934 ]: Error serving file placeholder.jpg: 404 Not Found: The requested URL was not found on the server. If you entered the URL manually please check your spelling and try again.
App 2959708 output: [ pid=2959708, time=2025-06-22 07:16:03,306 ]: Error serving file placeholder.jpg: 404 Not Found: The requested URL was not found on the server. If you entered the URL manually please check your spelling and try again.
App 2959708 output: [ pid=2959708, time=2025-06-22 07:16:03,686 ]: Error serving file placeholder.jpg: 404 Not Found: The requested URL was not found on the server. If you entered the URL manually please check your spelling and try again.
App 2959708 output: [ pid=2959708, time=2025-06-22 07:16:04,129 ]: Error serving file placeholder.jpg: 404 Not Found: The requested URL was not found on the server. If you entered the URL manually please check your spelling and try again.
App 2959708 output: [ pid=2959708, time=2025-06-22 07:16:04,518 ]: Error serving file placeholder.jpg: 404 Not Found: The requested URL was not found on the server. If you entered the URL manually please check your spelling and try again.
App 2959708 output: [ pid=2959708, time=2025-06-22 07:16:04,914 ]: Error serving file placeholder.jpg: 404 Not Found: The requested URL was not found on the server. If you entered the URL manually please check your spelling and try again.
App 2959708 output: [ pid=2959708, time=2025-06-22 07:16:05,287 ]: Error serving file placeholder.jpg: 404 Not Found: The requested URL was not found on the server. If you entered the URL manually please check your spelling and try again.
App 2959708 output: [ pid=2959708, time=2025-06-22 07:16:05,685 ]: Error serving file placeholder.jpg: 404 Not Found: The requested URL was not found on the server. If you entered the URL manually please check your spelling and try again.
App 2959708 output: [ pid=2959708, time=2025-06-22 07:16:06,073 ]: Error serving file placeholder.jpg: 404 Not Found: The requested URL was not found on the server. If you entered the URL manually please check your spelling and try again.
App 2959708 output: [ pid=2959708, time=2025-06-22 07:16:06,448 ]: Error serving file placeholder.jpg: 404 Not Found: The requested URL was not found on the server. If you entered the URL manually please check your spelling and try again.
App 2959708 output: [ pid=2959708, time=2025-06-22 07:16:06,852 ]: Error serving file placeholder.jpg: 404 Not Found: The requested URL was not found on the server. If you entered the URL manually please check your spelling and try again.
App 2959708 output: [ pid=2959708, time=2025-06-22 07:16:07,235 ]: Error serving file placeholder.jpg: 404 Not Found: The requested URL was not found on the server. If you entered the URL manually please check your spelling and try again.
App 2959708 output: [ pid=2959708, time=2025-06-22 07:16:07,637 ]: Error serving file placeholder.jpg: 404 Not Found: The requested URL was not found on the server. If you entered the URL manually please check your spelling and try again.
App 2959708 output: [ pid=2959708, time=2025-06-22 07:16:08,038 ]: Error serving file placeholder.jpg: 404 Not Found: The requested URL was not found on the server. If you entered the URL manually please check your spelling and try again.
App 2959708 output: [ pid=2959708, time=2025-06-22 07:16:08,413 ]: Error serving file placeholder.jpg: 404 Not Found: The requested URL was not found on the server. If you entered the URL manually please check your spelling and try again.
App 2959708 output: [ pid=2959708, time=2025-06-22 07:16:08,799 ]: Error serving file placeholder.jpg: 404 Not Found: The requested URL was not found on the server. If you entered the URL manually please check your spelling and try again.
App 2959708 output: [ pid=2959708, time=2025-06-22 07:16:09,217 ]: Error serving file placeholder.jpg: 404 Not Found: The requested URL was not found on the server. If you entered the URL manually please check your spelling and try again.
App 2959708 output: [ pid=2959708, time=2025-06-22 07:16:09,589 ]: Error serving file placeholder.jpg: 404 Not Found: The requested URL was not found on the server. If you entered the URL manually please check your spelling and try again.
App 2959708 output: [ pid=2959708, time=2025-06-22 07:16:10,167 ]: Error serving file placeholder.jpg: 404 Not Found: The requested URL was not found on the server. If you entered the URL manually please check your spelling and try again.
App 2959708 output: [ pid=2959708, time=2025-06-22 07:16:10,551 ]: Error serving file placeholder.jpg: 404 Not Found: The requested URL was not found on the server. If you entered the URL manually please check your spelling and try again.
App 2959708 output: [ pid=2959708, time=2025-06-22 07:16:10,919 ]: Error serving file placeholder.jpg: 404 Not Found: The requested URL was not found on the server. If you entered the URL manually please check your spelling and try again.
App 2959708 output: [ pid=2959708, time=2025-06-22 07:16:11,291 ]: Error serving file placeholder.jpg: 404 Not Found: The requested URL was not found on the server. If you entered the URL manually please check your spelling and try again.
App 2959708 output: [ pid=2959708, time=2025-06-22 07:16:11,665 ]: Error serving file placeholder.jpg: 404 Not Found: The requested URL was not found on the server. If you entered the URL manually please check your spelling and try again.
App 2959708 output: [ pid=2959708, time=2025-06-22 07:16:12,037 ]: Error serving file placeholder.jpg: 404 Not Found: The requested URL was not found on the server. If you entered the URL manually please check your spelling and try again.
App 2959708 output: [ pid=2959708, time=2025-06-22 07:16:12,487 ]: Error serving file placeholder.jpg: 404 Not Found: The requested URL was not found on the server. If you entered the URL manually please check your spelling and try again.
App 2959708 output: [ pid=2959708, time=2025-06-22 07:16:12,856 ]: Error serving file placeholder.jpg: 404 Not Found: The requested URL was not found on the server. If you entered the URL manually please check your spelling and try again.
App 2959708 output: [ pid=2959708, time=2025-06-22 07:16:13,226 ]: Error serving file placeholder.jpg: 404 Not Found: The requested URL was not found on the server. If you entered the URL manually please check your spelling and try again.
App 2959708 output: [ pid=2959708, time=2025-06-22 07:16:13,600 ]: Error serving file placeholder.jpg: 404 Not Found: The requested URL was not found on the server. If you entered the URL manually please check your spelling and try again.
App 2959708 output: [ pid=2959708, time=2025-06-22 07:16:13,969 ]: Error serving file placeholder.jpg: 404 Not Found: The requested URL was not found on the server. If you entered the URL manually please check your spelling and try again.
App 2959708 output: [ pid=2959708, time=2025-06-22 07:16:14,759 ]: Error serving file placeholder.jpg: 404 Not Found: The requested URL was not found on the server. If you entered the URL manually please check your spelling and try again.
App 381175 output: [ pid=381175, time=2025-06-22 17:34:19,342 ]: Error serving file placeholder.jpg: 404 Not Found: The requested URL was not found on the server. If you entered the URL manually please check your spelling and try again.
App 381175 output: [ pid=381175, time=2025-06-22 17:34:19,410 ]: Error serving file placeholder.jpg: 404 Not Found: The requested URL was not found on the server. If you entered the URL manually please check your spelling and try again.
App 381175 output: [ pid=381175, time=2025-06-22 17:34:19,485 ]: Error serving file placeholder.jpg: 404 Not Found: The requested URL was not found on the server. If you entered the URL manually please check your spelling and try again.
App 381175 output: [ pid=381175, time=2025-06-22 17:34:20,042 ]: Error serving file placeholder.jpg: 404 Not Found: The requested URL was not found on the server. If you entered the URL manually please check your spelling and try again.
App 381175 output: [ pid=381175, time=2025-06-22 17:34:20,114 ]: Error serving file placeholder.jpg: 404 Not Found: The requested URL was not found on the server. If you entered the URL manually please check your spelling and try again.
App 381175 output: [ pid=381175, time=2025-06-22 17:34:20,174 ]: Error serving file placeholder.jpg: 404 Not Found: The requested URL was not found on the server. If you entered the URL manually please check your spelling and try again.
App 381175 output: [ pid=381175, time=2025-06-22 17:34:20,234 ]: Error serving file placeholder.jpg: 404 Not Found: The requested URL was not found on the server. If you entered the URL manually please check your spelling and try again.
App 381175 output: [ pid=381175, time=2025-06-22 17:34:20,764 ]: Error serving file placeholder.jpg: 404 Not Found: The requested URL was not found on the server. If you entered the URL manually please check your spelling and try again.
App 381175 output: [ pid=381175, time=2025-06-22 17:34:20,823 ]: Error serving file placeholder.jpg: 404 Not Found: The requested URL was not found on the server. If you entered the URL manually please check your spelling and try again.
App 381175 output: [ pid=381175, time=2025-06-22 17:34:20,881 ]: Error serving file placeholder.jpg: 404 Not Found: The requested URL was not found on the server. If you entered the URL manually please check your spelling and try again.
App 381175 output: [ pid=381175, time=2025-06-22 17:34:20,922 ]: Error serving file placeholder.jpg: 404 Not Found: The requested URL was not found on the server. If you entered the URL manually please check your spelling and try again.
App 381175 output: [ pid=381175, time=2025-06-22 17:34:20,972 ]: Error serving file placeholder.jpg: 404 Not Found: The requested URL was not found on the server. If you entered the URL manually please check your spelling and try again.
App 381175 output: [ pid=381175, time=2025-06-22 17:34:21,033 ]: Error serving file placeholder.jpg: 404 Not Found: The requested URL was not found on the server. If you entered the URL manually please check your spelling and try again.
App 381175 output: [ pid=381175, time=2025-06-22 17:34:21,175 ]: Error serving file placeholder.jpg: 404 Not Found: The requested URL was not found on the server. If you entered the URL manually please check your spelling and try again.
App 381175 output: [ pid=381175, time=2025-06-22 17:34:21,224 ]: Error serving file placeholder.jpg: 404 Not Found: The requested URL was not found on the server. If you entered the URL manually please check your spelling and try again.
App 381175 output: [ pid=381175, time=2025-06-22 17:34:21,281 ]: Error serving file placeholder.jpg: 404 Not Found: The requested URL was not found on the server. If you entered the URL manually please check your spelling and try again.
App 381175 output: [ pid=381175, time=2025-06-22 17:34:21,343 ]: Error serving file placeholder.jpg: 404 Not Found: The requested URL was not found on the server. If you entered the URL manually please check your spelling and try again.
App 381175 output: [ pid=381175, time=2025-06-22 17:34:21,402 ]: Error serving file placeholder.jpg: 404 Not Found: The requested URL was not found on the server. If you entered the URL manually please check your spelling and try again.
App 381175 output: [ pid=381175, time=2025-06-22 17:34:21,754 ]: Error serving file placeholder.jpg: 404 Not Found: The requested URL was not found on the server. If you entered the URL manually please check your spelling and try again.
App 381175 output: [ pid=381175, time=2025-06-22 17:34:21,765 ]: Error serving file placeholder.pdf: 404 Not Found: The requested URL was not found on the server. If you entered the URL manually please check your spelling and try again.
App 381175 output: [ pid=381175, time=2025-06-22 17:34:22,571 ]: Error serving file placeholder.jpg: 404 Not Found: The requested URL was not found on the server. If you entered the URL manually please check your spelling and try again.
App 381175 output: [ pid=381175, time=2025-06-22 17:34:22,756 ]: Error serving file placeholder.jpg: 404 Not Found: The requested URL was not found on the server. If you entered the URL manually please check your spelling and try again.
App 381175 output: [ pid=381175, time=2025-06-22 17:34:22,867 ]: Error serving file placeholder.jpg: 404 Not Found: The requested URL was not found on the server. If you entered the URL manually please check your spelling and try again.
App 381175 output: [ pid=381175, time=2025-06-22 17:34:22,946 ]: Error serving file placeholder.jpg: 404 Not Found: The requested URL was not found on the server. If you entered the URL manually please check your spelling and try again.
App 381175 output: [ pid=381175, time=2025-06-22 17:34:23,096 ]: Error serving file placeholder.jpg: 404 Not Found: The requested URL was not found on the server. If you entered the URL manually please check your spelling and try again.
App 381175 output: [ pid=381175, time=2025-06-22 17:34:23,165 ]: Error serving file placeholder.jpg: 404 Not Found: The requested URL was not found on the server. If you entered the URL manually please check your spelling and try again.
App 381175 output: [ pid=381175, time=2025-06-22 17:34:23,868 ]: Error serving file placeholder.jpg: 404 Not Found: The requested URL was not found on the server. If you entered the URL manually please check your spelling and try again.
App 381175 output: [ pid=381175, time=2025-06-22 17:34:23,916 ]: Error serving file placeholder.jpg: 404 Not Found: The requested URL was not found on the server. If you entered the URL manually please check your spelling and try again.
App 381175 output: [ pid=381175, time=2025-06-22 17:34:23,978 ]: Error serving file placeholder.jpg: 404 Not Found: The requested URL was not found on the server. If you entered the URL manually please check your spelling and try again.
App 381175 output: [ pid=381175, time=2025-06-22 17:34:24,036 ]: Error serving file placeholder.jpg: 404 Not Found: The requested URL was not found on the server. If you entered the URL manually please check your spelling and try again.
App 381175 output: [ pid=381175, time=2025-06-22 17:34:24,087 ]: Error serving file placeholder.jpg: 404 Not Found: The requested URL was not found on the server. If you entered the URL manually please check your spelling and try again.
App 381175 output: [ pid=381175, time=2025-06-22 17:34:24,205 ]: Error serving file placeholder.jpg: 404 Not Found: The requested URL was not found on the server. If you entered the URL manually please check your spelling and try again.
App 381175 output: [ pid=381175, time=2025-06-22 17:34:24,277 ]: Error serving file placeholder.jpg: 404 Not Found: The requested URL was not found on the server. If you entered the URL manually please check your spelling and try again.
App 381175 output: [ pid=381175, time=2025-06-22 17:34:24,336 ]: Error serving file placeholder.jpg: 404 Not Found: The requested URL was not found on the server. If you entered the URL manually please check your spelling and try again.
App 381175 output: [ pid=381175, time=2025-06-22 17:34:24,392 ]: Error serving file placeholder.jpg: 404 Not Found: The requested URL was not found on the server. If you entered the URL manually please check your spelling and try again.
App 381175 output: [ pid=381175, time=2025-06-22 17:34:24,460 ]: Error serving file placeholder.jpg: 404 Not Found: The requested URL was not found on the server. If you entered the URL manually please check your spelling and try again.
App 381175 output: [ pid=381175, time=2025-06-22 17:34:24,588 ]: Error serving file placeholder.jpg: 404 Not Found: The requested URL was not found on the server. If you entered the URL manually please check your spelling and try again.
App 381175 output: [ pid=381175, time=2025-06-22 17:34:24,656 ]: Error serving file placeholder.jpg: 404 Not Found: The requested URL was not found on the server. If you entered the URL manually please check your spelling and try again.
App 381175 output: [ pid=381175, time=2025-06-22 17:34:24,706 ]: Error serving file placeholder.jpg: 404 Not Found: The requested URL was not found on the server. If you entered the URL manually please check your spelling and try again.
App 381175 output: [ pid=381175, time=2025-06-22 17:34:24,753 ]: Error serving file placeholder.jpg: 404 Not Found: The requested URL was not found on the server. If you entered the URL manually please check your spelling and try again.
App 381175 output: [ pid=381175, time=2025-06-22 17:34:24,815 ]: Error serving file placeholder.jpg: 404 Not Found: The requested URL was not found on the server. If you entered the URL manually please check your spelling and try again.
App 381175 output: [ pid=381175, time=2025-06-22 17:34:24,964 ]: Error serving file placeholder.jpg: 404 Not Found: The requested URL was not found on the server. If you entered the URL manually please check your spelling and try again.
App 381175 output: [ pid=381175, time=2025-06-22 17:34:25,026 ]: Error serving file placeholder.jpg: 404 Not Found: The requested URL was not found on the server. If you entered the URL manually please check your spelling and try again.
App 381175 output: [ pid=381175, time=2025-06-22 17:34:25,097 ]: Error serving file placeholder.jpg: 404 Not Found: The requested URL was not found on the server. If you entered the URL manually please check your spelling and try again.
App 381175 output: [ pid=381175, time=2025-06-22 17:34:25,155 ]: Error serving file placeholder.jpg: 404 Not Found: The requested URL was not found on the server. If you entered the URL manually please check your spelling and try again.
App 381175 output: [ pid=381175, time=2025-06-22 17:34:25,216 ]: Error serving file placeholder.jpg: 404 Not Found: The requested URL was not found on the server. If you entered the URL manually please check your spelling and try again.
App 381175 output: [ pid=381175, time=2025-06-22 17:34:25,346 ]: Error serving file placeholder.jpg: 404 Not Found: The requested URL was not found on the server. If you entered the URL manually please check your spelling and try again.
App 381175 output: [ pid=381175, time=2025-06-22 17:34:25,394 ]: Error serving file placeholder.jpg: 404 Not Found: The requested URL was not found on the server. If you entered the URL manually please check your spelling and try again.
App 381175 output: [ pid=381175, time=2025-06-22 17:34:25,446 ]: Error serving file placeholder.jpg: 404 Not Found: The requested URL was not found on the server. If you entered the URL manually please check your spelling and try again.
App 381175 output: [ pid=381175, time=2025-06-22 17:34:25,495 ]: Error serving file placeholder.jpg: 404 Not Found: The requested URL was not found on the server. If you entered the URL manually please check your spelling and try again.
App 381175 output: [ pid=381175, time=2025-06-22 17:34:25,543 ]: Error serving file placeholder.jpg: 404 Not Found: The requested URL was not found on the server. If you entered the URL manually please check your spelling and try again.
App 381175 output: [ pid=381175, time=2025-06-22 17:34:25,597 ]: Error serving file placeholder.jpg: 404 Not Found: The requested URL was not found on the server. If you entered the URL manually please check your spelling and try again.
App 381175 output: [ pid=381175, time=2025-06-22 17:34:25,727 ]: Error serving file placeholder.jpg: 404 Not Found: The requested URL was not found on the server. If you entered the URL manually please check your spelling and try again.
App 381175 output: [ pid=381175, time=2025-06-22 17:34:25,767 ]: Error serving file placeholder.jpg: 404 Not Found: The requested URL was not found on the server. If you entered the URL manually please check your spelling and try again.
App 381175 output: [ pid=381175, time=2025-06-22 17:34:25,834 ]: Error serving file placeholder.jpg: 404 Not Found: The requested URL was not found on the server. If you entered the URL manually please check your spelling and try again.
App 381175 output: [ pid=381175, time=2025-06-22 17:34:25,886 ]: Error serving file placeholder.jpg: 404 Not Found: The requested URL was not found on the server. If you entered the URL manually please check your spelling and try again.
App 381175 output: [ pid=381175, time=2025-06-22 17:34:25,935 ]: Error serving file placeholder.jpg: 404 Not Found: The requested URL was not found on the server. If you entered the URL manually please check your spelling and try again.
App 381175 output: [ pid=381175, time=2025-06-22 17:34:26,300 ]: Error serving file placeholder.jpg: 404 Not Found: The requested URL was not found on the server. If you entered the URL manually please check your spelling and try again.
App 381175 output: [ pid=381175, time=2025-06-22 17:34:26,684 ]: Error serving file placeholder.jpg: 404 Not Found: The requested URL was not found on the server. If you entered the URL manually please check your spelling and try again.
App 381175 output: [ pid=381175, time=2025-06-22 17:34:26,744 ]: Error serving file placeholder.jpg: 404 Not Found: The requested URL was not found on the server. If you entered the URL manually please check your spelling and try again.
App 381175 output: [ pid=381175, time=2025-06-22 17:34:26,944 ]: Error serving file placeholder.jpg: 404 Not Found: The requested URL was not found on the server. If you entered the URL manually please check your spelling and try again.
App 381175 output: [ pid=381175, time=2025-06-22 17:34:27,696 ]: Error serving file placeholder.jpg: 404 Not Found: The requested URL was not found on the server. If you entered the URL manually please check your spelling and try again.
App 381175 output: [ pid=381175, time=2025-06-22 17:34:27,776 ]: Error serving file placeholder.jpg: 404 Not Found: The requested URL was not found on the server. If you entered the URL manually please check your spelling and try again.
App 381175 output: [ pid=381175, time=2025-06-22 17:34:27,877 ]: Error serving file placeholder.jpg: 404 Not Found: The requested URL was not found on the server. If you entered the URL manually please check your spelling and try again.
App 381175 output: [ pid=381175, time=2025-06-22 17:34:28,008 ]: Error serving file placeholder.jpg: 404 Not Found: The requested URL was not found on the server. If you entered the URL manually please check your spelling and try again.
App 381175 output: [ pid=381175, time=2025-06-22 17:34:28,066 ]: Error serving file placeholder.jpg: 404 Not Found: The requested URL was not found on the server. If you entered the URL manually please check your spelling and try again.
App 381175 output: [ pid=381175, time=2025-06-22 17:34:28,115 ]: Error serving file placeholder.jpg: 404 Not Found: The requested URL was not found on the server. If you entered the URL manually please check your spelling and try again.
App 381175 output: [ pid=381175, time=2025-06-22 17:34:28,166 ]: Error serving file placeholder.jpg: 404 Not Found: The requested URL was not found on the server. If you entered the URL manually please check your spelling and try again.
App 381175 output: [ pid=381175, time=2025-06-22 17:34:28,906 ]: Error serving file placeholder.jpg: 404 Not Found: The requested URL was not found on the server. If you entered the URL manually please check your spelling and try again.
App 381175 output: [ pid=381175, time=2025-06-22 17:34:29,015 ]: Error serving file placeholder.jpg: 404 Not Found: The requested URL was not found on the server. If you entered the URL manually please check your spelling and try again.
App 381175 output: [ pid=381175, time=2025-06-22 17:34:29,147 ]: Error serving file placeholder.jpg: 404 Not Found: The requested URL was not found on the server. If you entered the URL manually please check your spelling and try again.
App 381175 output: [ pid=381175, time=2025-06-22 17:34:29,206 ]: Error serving file placeholder.jpg: 404 Not Found: The requested URL was not found on the server. If you entered the URL manually please check your spelling and try again.
App 381175 output: [ pid=381175, time=2025-06-22 17:34:29,264 ]: Error serving file placeholder.jpg: 404 Not Found: The requested URL was not found on the server. If you entered the URL manually please check your spelling and try again.
App 381175 output: [ pid=381175, time=2025-06-22 17:34:29,314 ]: Error serving file placeholder.jpg: 404 Not Found: The requested URL was not found on the server. If you entered the URL manually please check your spelling and try again.
App 381175 output: [ pid=381175, time=2025-06-22 17:34:29,365 ]: Error serving file placeholder.jpg: 404 Not Found: The requested URL was not found on the server. If you entered the URL manually please check your spelling and try again.
App 381175 output: [ pid=381175, time=2025-06-22 17:34:29,894 ]: Error serving file placeholder.jpg: 404 Not Found: The requested URL was not found on the server. If you entered the URL manually please check your spelling and try again.
App 381175 output: [ pid=381175, time=2025-06-22 17:34:29,936 ]: Error serving file placeholder.jpg: 404 Not Found: The requested URL was not found on the server. If you entered the URL manually please check your spelling and try again.
App 381175 output: [ pid=381175, time=2025-06-22 17:34:29,984 ]: Error serving file placeholder.jpg: 404 Not Found: The requested URL was not found on the server. If you entered the URL manually please check your spelling and try again.
App 381175 output: [ pid=381175, time=2025-06-22 17:34:30,036 ]: Error serving file placeholder.jpg: 404 Not Found: The requested URL was not found on the server. If you entered the URL manually please check your spelling and try again.
App 381175 output: [ pid=381175, time=2025-06-22 17:34:30,087 ]: Error serving file placeholder.jpg: 404 Not Found: The requested URL was not found on the server. If you entered the URL manually please check your spelling and try again.
App 381175 output: [ pid=381175, time=2025-06-22 17:34:30,787 ]: Error serving file placeholder.jpg: 404 Not Found: The requested URL was not found on the server. If you entered the URL manually please check your spelling and try again.
App 381175 output: [ pid=381175, time=2025-06-22 17:34:30,842 ]: Error serving file placeholder.jpg: 404 Not Found: The requested URL was not found on the server. If you entered the URL manually please check your spelling and try again.
App 381175 output: [ pid=381175, time=2025-06-22 17:34:30,895 ]: Error serving file placeholder.jpg: 404 Not Found: The requested URL was not found on the server. If you entered the URL manually please check your spelling and try again.
App 381175 output: [ pid=381175, time=2025-06-22 17:34:31,044 ]: Error serving file placeholder.jpg: 404 Not Found: The requested URL was not found on the server. If you entered the URL manually please check your spelling and try again.
App 381175 output: [ pid=381175, time=2025-06-22 17:34:31,087 ]: Error serving file placeholder.jpg: 404 Not Found: The requested URL was not found on the server. If you entered the URL manually please check your spelling and try again.
App 381175 output: [ pid=381175, time=2025-06-22 17:34:31,135 ]: Error serving file placeholder.jpg: 404 Not Found: The requested URL was not found on the server. If you entered the URL manually please check your spelling and try again.
App 381175 output: [ pid=381175, time=2025-06-22 17:34:31,195 ]: Error serving file placeholder.jpg: 404 Not Found: The requested URL was not found on the server. If you entered the URL manually please check your spelling and try again.
App 381175 output: [ pid=381175, time=2025-06-22 17:34:31,245 ]: Error serving file placeholder.jpg: 404 Not Found: The requested URL was not found on the server. If you entered the URL manually please check your spelling and try again.
App 381175 output: [ pid=381175, time=2025-06-22 17:34:31,616 ]: Error serving file placeholder.jpg: 404 Not Found: The requested URL was not found on the server. If you entered the URL manually please check your spelling and try again.
App 381175 output: [ pid=381175, time=2025-06-22 17:34:31,674 ]: Error serving file placeholder.jpg: 404 Not Found: The requested URL was not found on the server. If you entered the URL manually please check your spelling and try again.
App 381175 output: [ pid=381175, time=2025-06-22 17:34:31,795 ]: Error serving file placeholder.jpg: 404 Not Found: The requested URL was not found on the server. If you entered the URL manually please check your spelling and try again.
App 381175 output: [ pid=381175, time=2025-06-22 17:34:31,834 ]: Error serving file placeholder.jpg: 404 Not Found: The requested URL was not found on the server. If you entered the URL manually please check your spelling and try again.
App 381175 output: [ pid=381175, time=2025-06-22 17:34:31,893 ]: Error serving file placeholder.jpg: 404 Not Found: The requested URL was not found on the server. If you entered the URL manually please check your spelling and try again.
App 381175 output: [ pid=381175, time=2025-06-22 17:34:31,944 ]: Error serving file placeholder.jpg: 404 Not Found: The requested URL was not found on the server. If you entered the URL manually please check your spelling and try again.
App 381175 output: [ pid=381175, time=2025-06-22 17:34:31,994 ]: Error serving file placeholder.jpg: 404 Not Found: The requested URL was not found on the server. If you entered the URL manually please check your spelling and try again.
App 381175 output: [ pid=381175, time=2025-06-22 17:34:32,047 ]: Error serving file placeholder.jpg: 404 Not Found: The requested URL was not found on the server. If you entered the URL manually please check your spelling and try again.
App 381175 output: [ pid=381175, time=2025-06-22 17:34:32,185 ]: Error serving file placeholder.jpg: 404 Not Found: The requested URL was not found on the server. If you entered the URL manually please check your spelling and try again.
App 381175 output: [ pid=381175, time=2025-06-22 17:34:33,356 ]: Error serving file placeholder.jpg: 404 Not Found: The requested URL was not found on the server. If you entered the URL manually please check your spelling and try again.
App 381175 output: [ pid=381175, time=2025-06-22 17:34:33,427 ]: Error serving file placeholder.jpg: 404 Not Found: The requested URL was not found on the server. If you entered the URL manually please check your spelling and try again.
App 381175 output: [ pid=381175, time=2025-06-22 17:34:33,476 ]: Error serving file placeholder.jpg: 404 Not Found: The requested URL was not found on the server. If you entered the URL manually please check your spelling and try again.
App 381175 output: [ pid=381175, time=2025-06-22 17:34:33,539 ]: Error serving file placeholder.jpg: 404 Not Found: The requested URL was not found on the server. If you entered the URL manually please check your spelling and try again.
App 391743 output: [ pid=391743, time=2025-06-22 17:38:16,448 ]: Error serving file placeholder.jpg: 404 Not Found: The requested URL was not found on the server. If you entered the URL manually please check your spelling and try again.
App 391743 output: [ pid=391743, time=2025-06-22 17:38:16,542 ]: Error serving file placeholder.jpg: 404 Not Found: The requested URL was not found on the server. If you entered the URL manually please check your spelling and try again.
App 391743 output: [ pid=391743, time=2025-06-22 17:38:16,629 ]: Error serving file placeholder.jpg: 404 Not Found: The requested URL was not found on the server. If you entered the URL manually please check your spelling and try again.
App 391743 output: [ pid=391743, time=2025-06-22 17:38:16,699 ]: Error serving file placeholder.jpg: 404 Not Found: The requested URL was not found on the server. If you entered the URL manually please check your spelling and try again.
App 391743 output: [ pid=391743, time=2025-06-22 17:38:16,741 ]: Error serving file placeholder.jpg: 404 Not Found: The requested URL was not found on the server. If you entered the URL manually please check your spelling and try again.
App 391743 output: [ pid=391743, time=2025-06-22 17:38:16,841 ]: Error serving file placeholder.jpg: 404 Not Found: The requested URL was not found on the server. If you entered the URL manually please check your spelling and try again.
App 391743 output: [ pid=391743, time=2025-06-22 17:38:16,911 ]: Error serving file placeholder.jpg: 404 Not Found: The requested URL was not found on the server. If you entered the URL manually please check your spelling and try again.
App 391743 output: [ pid=391743, time=2025-06-22 17:38:16,982 ]: Error serving file placeholder.jpg: 404 Not Found: The requested URL was not found on the server. If you entered the URL manually please check your spelling and try again.
App 391743 output: [ pid=391743, time=2025-06-22 17:38:17,050 ]: Error serving file placeholder.jpg: 404 Not Found: The requested URL was not found on the server. If you entered the URL manually please check your spelling and try again.
App 391743 output: [ pid=391743, time=2025-06-22 17:38:17,120 ]: Error serving file placeholder.jpg: 404 Not Found: The requested URL was not found on the server. If you entered the URL manually please check your spelling and try again.
App 391743 output: [ pid=391743, time=2025-06-22 17:38:17,212 ]: Error serving file placeholder.jpg: 404 Not Found: The requested URL was not found on the server. If you entered the URL manually please check your spelling and try again.
App 391743 output: [ pid=391743, time=2025-06-22 17:38:17,272 ]: Error serving file placeholder.jpg: 404 Not Found: The requested URL was not found on the server. If you entered the URL manually please check your spelling and try again.
App 391743 output: [ pid=391743, time=2025-06-22 17:38:17,374 ]: Error serving file placeholder.jpg: 404 Not Found: The requested URL was not found on the server. If you entered the URL manually please check your spelling and try again.
App 391743 output: [ pid=391743, time=2025-06-22 17:38:17,451 ]: Error serving file placeholder.jpg: 404 Not Found: The requested URL was not found on the server. If you entered the URL manually please check your spelling and try again.
App 391743 output: [ pid=391743, time=2025-06-22 17:38:17,512 ]: Error serving file placeholder.jpg: 404 Not Found: The requested URL was not found on the server. If you entered the URL manually please check your spelling and try again.
App 391743 output: [ pid=391743, time=2025-06-22 17:38:17,602 ]: Error serving file placeholder.jpg: 404 Not Found: The requested URL was not found on the server. If you entered the URL manually please check your spelling and try again.
App 391743 output: [ pid=391743, time=2025-06-22 17:38:17,671 ]: Error serving file placeholder.jpg: 404 Not Found: The requested URL was not found on the server. If you entered the URL manually please check your spelling and try again.
App 391743 output: [ pid=391743, time=2025-06-22 17:38:17,749 ]: Error serving file placeholder.jpg: 404 Not Found: The requested URL was not found on the server. If you entered the URL manually please check your spelling and try again.
App 391743 output: [ pid=391743, time=2025-06-22 17:38:17,822 ]: Error serving file placeholder.jpg: 404 Not Found: The requested URL was not found on the server. If you entered the URL manually please check your spelling and try again.
App 391743 output: [ pid=391743, time=2025-06-22 17:38:17,973 ]: Error serving file placeholder.jpg: 404 Not Found: The requested URL was not found on the server. If you entered the URL manually please check your spelling and try again.
App 391743 output: [ pid=391743, time=2025-06-22 17:38:18,021 ]: Error serving file placeholder.jpg: 404 Not Found: The requested URL was not found on the server. If you entered the URL manually please check your spelling and try again.
App 391743 output: [ pid=391743, time=2025-06-22 17:38:18,070 ]: Error serving file placeholder.jpg: 404 Not Found: The requested URL was not found on the server. If you entered the URL manually please check your spelling and try again.
App 391743 output: [ pid=391743, time=2025-06-22 17:38:18,121 ]: Error serving file placeholder.jpg: 404 Not Found: The requested URL was not found on the server. If you entered the URL manually please check your spelling and try again.
App 391743 output: [ pid=391743, time=2025-06-22 17:38:18,179 ]: Error serving file placeholder.jpg: 404 Not Found: The requested URL was not found on the server. If you entered the URL manually please check your spelling and try again.
App 391743 output: [ pid=391743, time=2025-06-22 17:38:18,301 ]: Error serving file placeholder.jpg: 404 Not Found: The requested URL was not found on the server. If you entered the URL manually please check your spelling and try again.
App 391743 output: [ pid=391743, time=2025-06-22 17:38:18,401 ]: Error serving file placeholder.jpg: 404 Not Found: The requested URL was not found on the server. If you entered the URL manually please check your spelling and try again.
App 391743 output: [ pid=391743, time=2025-06-22 17:38:18,461 ]: Error serving file placeholder.jpg: 404 Not Found: The requested URL was not found on the server. If you entered the URL manually please check your spelling and try again.
App 391743 output: [ pid=391743, time=2025-06-22 17:38:18,520 ]: Error serving file placeholder.jpg: 404 Not Found: The requested URL was not found on the server. If you entered the URL manually please check your spelling and try again.
App 391743 output: [ pid=391743, time=2025-06-22 17:38:18,584 ]: Error serving file placeholder.jpg: 404 Not Found: The requested URL was not found on the server. If you entered the URL manually please check your spelling and try again.
App 391743 output: [ pid=391743, time=2025-06-22 17:38:18,680 ]: Error serving file placeholder.jpg: 404 Not Found: The requested URL was not found on the server. If you entered the URL manually please check your spelling and try again.
App 391743 output: [ pid=391743, time=2025-06-22 17:38:18,742 ]: Error serving file placeholder.jpg: 404 Not Found: The requested URL was not found on the server. If you entered the URL manually please check your spelling and try again.
App 391743 output: [ pid=391743, time=2025-06-22 17:38:18,811 ]: Error serving file placeholder.jpg: 404 Not Found: The requested URL was not found on the server. If you entered the URL manually please check your spelling and try again.
App 391743 output: [ pid=391743, time=2025-06-22 17:38:18,870 ]: Error serving file placeholder.jpg: 404 Not Found: The requested URL was not found on the server. If you entered the URL manually please check your spelling and try again.
App 391743 output: [ pid=391743, time=2025-06-22 17:38:18,920 ]: Error serving file placeholder.jpg: 404 Not Found: The requested URL was not found on the server. If you entered the URL manually please check your spelling and try again.
App 391743 output: [ pid=391743, time=2025-06-22 17:38:18,992 ]: Error serving file placeholder.jpg: 404 Not Found: The requested URL was not found on the server. If you entered the URL manually please check your spelling and try again.
App 391743 output: [ pid=391743, time=2025-06-22 17:38:19,052 ]: Error serving file placeholder.jpg: 404 Not Found: The requested URL was not found on the server. If you entered the URL manually please check your spelling and try again.
App 391743 output: [ pid=391743, time=2025-06-22 17:38:19,122 ]: Error serving file placeholder.jpg: 404 Not Found: The requested URL was not found on the server. If you entered the URL manually please check your spelling and try again.
App 391743 output: [ pid=391743, time=2025-06-22 17:38:19,203 ]: Error serving file placeholder.jpg: 404 Not Found: The requested URL was not found on the server. If you entered the URL manually please check your spelling and try again.
App 391743 output: [ pid=391743, time=2025-06-22 17:38:19,292 ]: Error serving file placeholder.jpg: 404 Not Found: The requested URL was not found on the server. If you entered the URL manually please check your spelling and try again.
App 391743 output: [ pid=391743, time=2025-06-22 17:38:19,371 ]: Error serving file placeholder.jpg: 404 Not Found: The requested URL was not found on the server. If you entered the URL manually please check your spelling and try again.
App 391743 output: [ pid=391743, time=2025-06-22 17:38:19,410 ]: Error serving file placeholder.jpg: 404 Not Found: The requested URL was not found on the server. If you entered the URL manually please check your spelling and try again.
App 391743 output: [ pid=391743, time=2025-06-22 17:38:19,492 ]: Error serving file placeholder.jpg: 404 Not Found: The requested URL was not found on the server. If you entered the URL manually please check your spelling and try again.
App 391743 output: [ pid=391743, time=2025-06-22 17:38:19,561 ]: Error serving file placeholder.jpg: 404 Not Found: The requested URL was not found on the server. If you entered the URL manually please check your spelling and try again.
App 391743 output: [ pid=391743, time=2025-06-22 17:38:19,621 ]: Error serving file placeholder.jpg: 404 Not Found: The requested URL was not found on the server. If you entered the URL manually please check your spelling and try again.
App 391743 output: [ pid=391743, time=2025-06-22 17:38:19,669 ]: Error serving file placeholder.jpg: 404 Not Found: The requested URL was not found on the server. If you entered the URL manually please check your spelling and try again.
App 391743 output: [ pid=391743, time=2025-06-22 17:38:19,740 ]: Error serving file placeholder.jpg: 404 Not Found: The requested URL was not found on the server. If you entered the URL manually please check your spelling and try again.
App 391743 output: [ pid=391743, time=2025-06-22 17:38:19,800 ]: Error serving file placeholder.jpg: 404 Not Found: The requested URL was not found on the server. If you entered the URL manually please check your spelling and try again.
App 391743 output: [ pid=391743, time=2025-06-22 17:38:19,868 ]: Error serving file placeholder.jpg: 404 Not Found: The requested URL was not found on the server. If you entered the URL manually please check your spelling and try again.
App 391743 output: [ pid=391743, time=2025-06-22 17:38:19,929 ]: Error serving file placeholder.jpg: 404 Not Found: The requested URL was not found on the server. If you entered the URL manually please check your spelling and try again.
App 391743 output: [ pid=391743, time=2025-06-22 17:38:19,969 ]: Error serving file placeholder.jpg: 404 Not Found: The requested URL was not found on the server. If you entered the URL manually please check your spelling and try again.
App 391743 output: [ pid=391743, time=2025-06-22 17:38:20,031 ]: Error serving file placeholder.jpg: 404 Not Found: The requested URL was not found on the server. If you entered the URL manually please check your spelling and try again.
App 391743 output: [ pid=391743, time=2025-06-22 17:38:20,110 ]: Error serving file placeholder.jpg: 404 Not Found: The requested URL was not found on the server. If you entered the URL manually please check your spelling and try again.
App 391743 output: [ pid=391743, time=2025-06-22 17:38:20,232 ]: Error serving file placeholder.jpg: 404 Not Found: The requested URL was not found on the server. If you entered the URL manually please check your spelling and try again.
App 391743 output: [ pid=391743, time=2025-06-22 17:38:20,288 ]: Error serving file placeholder.jpg: 404 Not Found: The requested URL was not found on the server. If you entered the URL manually please check your spelling and try again.
App 391743 output: [ pid=391743, time=2025-06-22 17:38:20,350 ]: Error serving file placeholder.jpg: 404 Not Found: The requested URL was not found on the server. If you entered the URL manually please check your spelling and try again.
App 391743 output: [ pid=391743, time=2025-06-22 17:38:20,401 ]: Error serving file placeholder.jpg: 404 Not Found: The requested URL was not found on the server. If you entered the URL manually please check your spelling and try again.
App 391743 output: [ pid=391743, time=2025-06-22 17:38:20,450 ]: Error serving file placeholder.jpg: 404 Not Found: The requested URL was not found on the server. If you entered the URL manually please check your spelling and try again.
App 391743 output: [ pid=391743, time=2025-06-22 17:38:20,529 ]: Error serving file placeholder.jpg: 404 Not Found: The requested URL was not found on the server. If you entered the URL manually please check your spelling and try again.
App 391743 output: [ pid=391743, time=2025-06-22 17:38:20,630 ]: Error serving file placeholder.jpg: 404 Not Found: The requested URL was not found on the server. If you entered the URL manually please check your spelling and try again.
App 391743 output: [ pid=391743, time=2025-06-22 17:38:20,700 ]: Error serving file placeholder.jpg: 404 Not Found: The requested URL was not found on the server. If you entered the URL manually please check your spelling and try again.
App 391743 output: [ pid=391743, time=2025-06-22 17:38:20,801 ]: Error serving file placeholder.jpg: 404 Not Found: The requested URL was not found on the server. If you entered the URL manually please check your spelling and try again.
App 391743 output: [ pid=391743, time=2025-06-22 17:38:20,871 ]: Error serving file placeholder.jpg: 404 Not Found: The requested URL was not found on the server. If you entered the URL manually please check your spelling and try again.
App 391743 output: [ pid=391743, time=2025-06-22 17:38:20,929 ]: Error serving file placeholder.jpg: 404 Not Found: The requested URL was not found on the server. If you entered the URL manually please check your spelling and try again.
App 391743 output: [ pid=391743, time=2025-06-22 17:38:21,001 ]: Error serving file placeholder.jpg: 404 Not Found: The requested URL was not found on the server. If you entered the URL manually please check your spelling and try again.
App 391743 output: [ pid=391743, time=2025-06-22 17:38:21,070 ]: Error serving file placeholder.jpg: 404 Not Found: The requested URL was not found on the server. If you entered the URL manually please check your spelling and try again.
App 391743 output: [ pid=391743, time=2025-06-22 17:38:21,120 ]: Error serving file placeholder.jpg: 404 Not Found: The requested URL was not found on the server. If you entered the URL manually please check your spelling and try again.
App 391743 output: [ pid=391743, time=2025-06-22 17:38:21,191 ]: Error serving file placeholder.jpg: 404 Not Found: The requested URL was not found on the server. If you entered the URL manually please check your spelling and try again.
App 391743 output: [ pid=391743, time=2025-06-22 17:38:21,250 ]: Error serving file placeholder.jpg: 404 Not Found: The requested URL was not found on the server. If you entered the URL manually please check your spelling and try again.
App 391743 output: [ pid=391743, time=2025-06-22 17:38:21,299 ]: Error serving file placeholder.jpg: 404 Not Found: The requested URL was not found on the server. If you entered the URL manually please check your spelling and try again.
App 391743 output: [ pid=391743, time=2025-06-22 17:38:21,358 ]: Error serving file placeholder.jpg: 404 Not Found: The requested URL was not found on the server. If you entered the URL manually please check your spelling and try again.
App 391743 output: [ pid=391743, time=2025-06-22 17:38:21,411 ]: Error serving file placeholder.jpg: 404 Not Found: The requested URL was not found on the server. If you entered the URL manually please check your spelling and try again.
App 391743 output: [ pid=391743, time=2025-06-22 17:38:21,462 ]: Error serving file placeholder.jpg: 404 Not Found: The requested URL was not found on the server. If you entered the URL manually please check your spelling and try again.
App 391743 output: [ pid=391743, time=2025-06-22 17:38:21,519 ]: Error serving file placeholder.jpg: 404 Not Found: The requested URL was not found on the server. If you entered the URL manually please check your spelling and try again.
App 391743 output: [ pid=391743, time=2025-06-22 17:38:21,570 ]: Error serving file placeholder.jpg: 404 Not Found: The requested URL was not found on the server. If you entered the URL manually please check your spelling and try again.
App 391743 output: [ pid=391743, time=2025-06-22 17:38:21,631 ]: Error serving file placeholder.jpg: 404 Not Found: The requested URL was not found on the server. If you entered the URL manually please check your spelling and try again.
App 391743 output: [ pid=391743, time=2025-06-22 17:38:21,680 ]: Error serving file placeholder.jpg: 404 Not Found: The requested URL was not found on the server. If you entered the URL manually please check your spelling and try again.
App 391743 output: [ pid=391743, time=2025-06-22 17:38:21,729 ]: Error serving file placeholder.jpg: 404 Not Found: The requested URL was not found on the server. If you entered the URL manually please check your spelling and try again.
App 391743 output: [ pid=391743, time=2025-06-22 17:38:21,781 ]: Error serving file placeholder.jpg: 404 Not Found: The requested URL was not found on the server. If you entered the URL manually please check your spelling and try again.
App 391743 output: [ pid=391743, time=2025-06-22 17:38:21,831 ]: Error serving file placeholder.jpg: 404 Not Found: The requested URL was not found on the server. If you entered the URL manually please check your spelling and try again.
App 391743 output: [ pid=391743, time=2025-06-22 17:38:21,880 ]: Error serving file placeholder.jpg: 404 Not Found: The requested URL was not found on the server. If you entered the URL manually please check your spelling and try again.
App 391743 output: [ pid=391743, time=2025-06-22 17:38:21,920 ]: Error serving file placeholder.jpg: 404 Not Found: The requested URL was not found on the server. If you entered the URL manually please check your spelling and try again.
App 391743 output: [ pid=391743, time=2025-06-22 17:38:21,970 ]: Error serving file placeholder.jpg: 404 Not Found: The requested URL was not found on the server. If you entered the URL manually please check your spelling and try again.
App 391743 output: [ pid=391743, time=2025-06-22 17:38:22,020 ]: Error serving file placeholder.jpg: 404 Not Found: The requested URL was not found on the server. If you entered the URL manually please check your spelling and try again.
App 391743 output: [ pid=391743, time=2025-06-22 17:38:22,069 ]: Error serving file placeholder.jpg: 404 Not Found: The requested URL was not found on the server. If you entered the URL manually please check your spelling and try again.
App 391743 output: [ pid=391743, time=2025-06-22 17:38:22,109 ]: Error serving file placeholder.jpg: 404 Not Found: The requested URL was not found on the server. If you entered the URL manually please check your spelling and try again.
App 391743 output: [ pid=391743, time=2025-06-22 17:38:22,170 ]: Error serving file placeholder.jpg: 404 Not Found: The requested URL was not found on the server. If you entered the URL manually please check your spelling and try again.
App 391743 output: [ pid=391743, time=2025-06-22 17:38:22,241 ]: Error serving file placeholder.jpg: 404 Not Found: The requested URL was not found on the server. If you entered the URL manually please check your spelling and try again.
App 391743 output: [ pid=391743, time=2025-06-22 17:38:22,289 ]: Error serving file placeholder.jpg: 404 Not Found: The requested URL was not found on the server. If you entered the URL manually please check your spelling and try again.
App 391743 output: [ pid=391743, time=2025-06-22 17:38:22,380 ]: Error serving file placeholder.jpg: 404 Not Found: The requested URL was not found on the server. If you entered the URL manually please check your spelling and try again.
App 391743 output: [ pid=391743, time=2025-06-22 17:38:22,430 ]: Error serving file placeholder.jpg: 404 Not Found: The requested URL was not found on the server. If you entered the URL manually please check your spelling and try again.
App 391743 output: [ pid=391743, time=2025-06-22 17:38:22,621 ]: Error serving file placeholder.jpg: 404 Not Found: The requested URL was not found on the server. If you entered the URL manually please check your spelling and try again.
App 391743 output: [ pid=391743, time=2025-06-22 17:38:22,675 ]: Error serving file placeholder.jpg: 404 Not Found: The requested URL was not found on the server. If you entered the URL manually please check your spelling and try again.
App 391743 output: [ pid=391743, time=2025-06-22 17:38:22,744 ]: Error serving file placeholder.jpg: 404 Not Found: The requested URL was not found on the server. If you entered the URL manually please check your spelling and try again.
App 391743 output: [ pid=391743, time=2025-06-22 17:38:22,828 ]: Error serving file placeholder.jpg: 404 Not Found: The requested URL was not found on the server. If you entered the URL manually please check your spelling and try again.
App 391743 output: [ pid=391743, time=2025-06-22 17:38:22,939 ]: Error serving file placeholder.jpg: 404 Not Found: The requested URL was not found on the server. If you entered the URL manually please check your spelling and try again.
App 391743 output: [ pid=391743, time=2025-06-22 17:38:23,029 ]: Error serving file placeholder.jpg: 404 Not Found: The requested URL was not found on the server. If you entered the URL manually please check your spelling and try again.
App 391743 output: [ pid=391743, time=2025-06-22 17:38:23,153 ]: Error serving file placeholder.jpg: 404 Not Found: The requested URL was not found on the server. If you entered the URL manually please check your spelling and try again.
App 391743 output: [ pid=391743, time=2025-06-22 17:38:23,280 ]: Error serving file placeholder.jpg: 404 Not Found: The requested URL was not found on the server. If you entered the URL manually please check your spelling and try again.
App 391743 output: [ pid=391743, time=2025-06-22 17:38:23,412 ]: Error serving file placeholder.jpg: 404 Not Found: The requested URL was not found on the server. If you entered the URL manually please check your spelling and try again.
App 391743 output: [ pid=391743, time=2025-06-22 17:38:23,534 ]: Error serving file placeholder.jpg: 404 Not Found: The requested URL was not found on the server. If you entered the URL manually please check your spelling and try again.
App 391743 output: [ pid=391743, time=2025-06-22 17:38:23,666 ]: Error serving file placeholder.jpg: 404 Not Found: The requested URL was not found on the server. If you entered the URL manually please check your spelling and try again.
App 391743 output: [ pid=391743, time=2025-06-22 17:38:23,772 ]: Error serving file placeholder.jpg: 404 Not Found: The requested URL was not found on the server. If you entered the URL manually please check your spelling and try again.
App 391743 output: [ pid=391743, time=2025-06-22 17:38:23,954 ]: Error serving file placeholder.jpg: 404 Not Found: The requested URL was not found on the server. If you entered the URL manually please check your spelling and try again.
App 391743 output: [ pid=391743, time=2025-06-22 17:38:24,062 ]: Error serving file placeholder.jpg: 404 Not Found: The requested URL was not found on the server. If you entered the URL manually please check your spelling and try again.
App 391743 output: [ pid=391743, time=2025-06-22 17:38:24,183 ]: Error serving file placeholder.jpg: 404 Not Found: The requested URL was not found on the server. If you entered the URL manually please check your spelling and try again.
App 391743 output: [ pid=391743, time=2025-06-22 17:38:24,284 ]: Error serving file placeholder.jpg: 404 Not Found: The requested URL was not found on the server. If you entered the URL manually please check your spelling and try again.
App 391743 output: [ pid=391743, time=2025-06-22 17:38:24,379 ]: Error serving file placeholder.jpg: 404 Not Found: The requested URL was not found on the server. If you entered the URL manually please check your spelling and try again.
App 391743 output: [ pid=391743, time=2025-06-22 17:38:24,432 ]: Error serving file placeholder.jpg: 404 Not Found: The requested URL was not found on the server. If you entered the URL manually please check your spelling and try again.
App 391743 output: [ pid=391743, time=2025-06-22 17:38:24,533 ]: Error serving file placeholder.jpg: 404 Not Found: The requested URL was not found on the server. If you entered the URL manually please check your spelling and try again.
App 391743 output: [ pid=391743, time=2025-06-22 17:38:24,580 ]: Error serving file placeholder.jpg: 404 Not Found: The requested URL was not found on the server. If you entered the URL manually please check your spelling and try again.
App 391743 output: [ pid=391743, time=2025-06-22 17:38:24,640 ]: Error serving file placeholder.jpg: 404 Not Found: The requested URL was not found on the server. If you entered the URL manually please check your spelling and try again.
App 391743 output: [ pid=391743, time=2025-06-22 17:38:24,703 ]: Error serving file placeholder.jpg: 404 Not Found: The requested URL was not found on the server. If you entered the URL manually please check your spelling and try again.
App 391743 output: [ pid=391743, time=2025-06-22 17:38:24,761 ]: Error serving file placeholder.jpg: 404 Not Found: The requested URL was not found on the server. If you entered the URL manually please check your spelling and try again.
App 391743 output: [ pid=391743, time=2025-06-22 17:38:24,822 ]: Error serving file placeholder.jpg: 404 Not Found: The requested URL was not found on the server. If you entered the URL manually please check your spelling and try again.
App 391743 output: [ pid=391743, time=2025-06-22 17:38:24,882 ]: Error serving file placeholder.jpg: 404 Not Found: The requested URL was not found on the server. If you entered the URL manually please check your spelling and try again.
App 391743 output: [ pid=391743, time=2025-06-22 17:38:24,939 ]: Error serving file placeholder.jpg: 404 Not Found: The requested URL was not found on the server. If you entered the URL manually please check your spelling and try again.
App 391743 output: [ pid=391743, time=2025-06-22 17:38:25,000 ]: Error serving file placeholder.jpg: 404 Not Found: The requested URL was not found on the server. If you entered the URL manually please check your spelling and try again.
App 391743 output: [ pid=391743, time=2025-06-22 17:38:25,077 ]: Error serving file placeholder.jpg: 404 Not Found: The requested URL was not found on the server. If you entered the URL manually please check your spelling and try again.
App 391743 output: [ pid=391743, time=2025-06-22 17:38:25,141 ]: Error serving file placeholder.jpg: 404 Not Found: The requested URL was not found on the server. If you entered the URL manually please check your spelling and try again.
App 391743 output: [ pid=391743, time=2025-06-22 17:38:25,233 ]: Error serving file placeholder.jpg: 404 Not Found: The requested URL was not found on the server. If you entered the URL manually please check your spelling and try again.
App 391743 output: [ pid=391743, time=2025-06-22 17:38:25,289 ]: Error serving file placeholder.jpg: 404 Not Found: The requested URL was not found on the server. If you entered the URL manually please check your spelling and try again.
App 391743 output: [ pid=391743, time=2025-06-22 17:38:25,955 ]: Error serving file placeholder.jpg: 404 Not Found: The requested URL was not found on the server. If you entered the URL manually please check your spelling and try again.
App 391743 output: [ pid=391743, time=2025-06-22 17:38:26,183 ]: Error serving file placeholder.jpg: 404 Not Found: The requested URL was not found on the server. If you entered the URL manually please check your spelling and try again.
App 391743 output: [ pid=391743, time=2025-06-22 17:38:26,240 ]: Error serving file placeholder.jpg: 404 Not Found: The requested URL was not found on the server. If you entered the URL manually please check your spelling and try again.
App 391743 output: [ pid=391743, time=2025-06-22 17:38:26,300 ]: Error serving file placeholder.jpg: 404 Not Found: The requested URL was not found on the server. If you entered the URL manually please check your spelling and try again.
App 391743 output: [ pid=391743, time=2025-06-22 17:38:26,356 ]: Error serving file placeholder.jpg: 404 Not Found: The requested URL was not found on the server. If you entered the URL manually please check your spelling and try again.
App 391743 output: [ pid=391743, time=2025-06-22 17:38:26,422 ]: Error serving file placeholder.jpg: 404 Not Found: The requested URL was not found on the server. If you entered the URL manually please check your spelling and try again.
App 391743 output: [ pid=391743, time=2025-06-22 17:38:26,470 ]: Error serving file placeholder.jpg: 404 Not Found: The requested URL was not found on the server. If you entered the URL manually please check your spelling and try again.
App 391743 output: [ pid=391743, time=2025-06-22 17:38:26,531 ]: Error serving file placeholder.jpg: 404 Not Found: The requested URL was not found on the server. If you entered the URL manually please check your spelling and try again.
App 391743 output: [ pid=391743, time=2025-06-22 17:38:26,611 ]: Error serving file placeholder.jpg: 404 Not Found: The requested URL was not found on the server. If you entered the URL manually please check your spelling and try again.
App 391743 output: [ pid=391743, time=2025-06-22 17:38:26,671 ]: Error serving file placeholder.jpg: 404 Not Found: The requested URL was not found on the server. If you entered the URL manually please check your spelling and try again.
App 391743 output: [ pid=391743, time=2025-06-22 17:38:26,730 ]: Error serving file placeholder.jpg: 404 Not Found: The requested URL was not found on the server. If you entered the URL manually please check your spelling and try again.
App 391743 output: [ pid=391743, time=2025-06-22 17:38:26,779 ]: Error serving file placeholder.jpg: 404 Not Found: The requested URL was not found on the server. If you entered the URL manually please check your spelling and try again.
App 391743 output: [ pid=391743, time=2025-06-22 17:38:26,851 ]: Error serving file placeholder.jpg: 404 Not Found: The requested URL was not found on the server. If you entered the URL manually please check your spelling and try again.
App 391743 output: [ pid=391743, time=2025-06-22 17:38:26,909 ]: Error serving file placeholder.jpg: 404 Not Found: The requested URL was not found on the server. If you entered the URL manually please check your spelling and try again.
App 391743 output: [ pid=391743, time=2025-06-22 17:38:26,975 ]: Error serving file placeholder.jpg: 404 Not Found: The requested URL was not found on the server. If you entered the URL manually please check your spelling and try again.
App 391743 output: [ pid=391743, time=2025-06-22 17:38:27,021 ]: Error serving file placeholder.jpg: 404 Not Found: The requested URL was not found on the server. If you entered the URL manually please check your spelling and try again.
App 1419220 output: [ pid=1419220, time=2025-07-02 08:16:18,210 ]: Error serving file 451b77b8c2314a408d6a1787882b416a.jpg: 404 Not Found: The requested URL was not found on the server. If you entered the URL manually please check your spelling and try again.
App 401691 output: Traceback (most recent call last):
App 401691 output:   File "/opt/passenger/src/helper-scripts/wsgi-loader.py", line 384, in <module>
App 401691 output:     app_module = load_app()
App 401691 output:   File "/opt/passenger/src/helper-scripts/wsgi-loader.py", line 88, in load_app
App 401691 output:     
App 401691 output: spec.loader.exec_module(app_module)
App 401691 output:   File "<frozen importlib._bootstrap_external>", line 850, in exec_module
App 401691 output:   File "<frozen importlib._bootstrap>", line 228, in _call_with_frames_removed
App 401691 output:   File "/home/bizpromy/domains/api-alfidaanew.bizpro.my.id/public_html/passenger_wsgi.py", line 1, in <module>
App 401691 output:     
App 401691 output: from wsgi import app as application
App 401691 output:   File "/home/bizpromy/domains/api-alfidaanew.bizpro.my.id/public_html/wsgi.py", line 3, in <module>
App 401691 output:     
App 401691 output: app = create_app()
App 401691 output:   File "/home/bizpromy/domains/api-alfidaanew.bizpro.my.id/public_html/app/__init__.py", line 43, in create_app
App 401691 output:     
App 401691 output: from .yayasan import bp as yayasan_routes  # Impor Blueprint yayasan
App 401691 output: ModuleNotFoundError: No module named 'app.yayasan'
App 401691 output: 
App 405349 output: Traceback (most recent call last):
App 405349 output:   File "/opt/passenger/src/helper-scripts/wsgi-loader.py", line 384, in <module>
App 405349 output:     
App 405349 output: app_module = load_app()
App 405349 output:   File "/opt/passenger/src/helper-scripts/wsgi-loader.py", line 88, in load_app
App 405349 output:     
App 405349 output: spec.loader.exec_module(app_module)
App 405349 output:   File "<frozen importlib._bootstrap_external>", line 850, in exec_module
App 405349 output:   File "<frozen importlib._bootstrap>", line 228, in _call_with_frames_removed
App 405349 output:   File "/home/bizpromy/domains/api-alfidaanew.bizpro.my.id/public_html/passenger_wsgi.py", line 1, in <module>
App 405349 output:     
App 405349 output: from wsgi import app as application
App 405349 output:   File "/home/bizpromy/domains/api-alfidaanew.bizpro.my.id/public_html/wsgi.py", line 3, in <module>
App 405349 output:     
App 405349 output: app = create_app()
App 405349 output:   File "/home/bizpromy/domains/api-alfidaanew.bizpro.my.id/public_html/app/__init__.py", line 43, in create_app
App 405349 output:     from .yayasan import yayasan_routes  # Impor Blueprint yayasan
App 405349 output: 
App 405349 output: ModuleNotFoundError: No module named 'app.yayasan'
App 405509 output: Traceback (most recent call last):
App 405509 output:   File "/opt/passenger/src/helper-scripts/wsgi-loader.py", line 384, in <module>
App 405509 output:     
App 405509 output: app_module = load_app()
App 405509 output:   File "/opt/passenger/src/helper-scripts/wsgi-loader.py", line 88, in load_app
App 405509 output:     
App 405509 output: spec.loader.exec_module(app_module)
App 405509 output:   File "<frozen importlib._bootstrap_external>", line 850, in exec_module
App 405509 output:   File "<frozen importlib._bootstrap>", line 228, in _call_with_frames_removed
App 405509 output:   File "/home/bizpromy/domains/api-alfidaanew.bizpro.my.id/public_html/passenger_wsgi.py", line 1, in <module>
App 405509 output:     
App 405509 output: from wsgi import app as application
App 405509 output:   File "/home/bizpromy/domains/api-alfidaanew.bizpro.my.id/public_html/wsgi.py", line 3, in <module>
App 405509 output:     
App 405509 output: app = create_app()
App 405509 output:   File "/home/bizpromy/domains/api-alfidaanew.bizpro.my.id/public_html/app/__init__.py", line 43, in create_app
App 405509 output:     
App 405509 output: from .yayasan import yayasan_routes  # Impor Blueprint yayasan
App 405509 output: ModuleNotFoundError: No module named 'app.yayasan'
App 1132449 output: Traceback (most recent call last):
App 1132449 output:   File "/opt/passenger/src/helper-scripts/wsgi-loader.py", line 384, in <module>
App 1132449 output:     app_module = load_app()
App 1132449 output:   File "/opt/passenger/src/helper-scripts/wsgi-loader.py", line 88, in load_app
App 1132449 output:     spec.loader.exec_module(app_module)
App 1132449 output:   File "<frozen importlib._bootstrap_external>", line 850, in exec_module
App 1132449 output:   File "<frozen importlib._bootstrap>", line 228, in _call_with_frames_removed
App 1132449 output:   File "/home/bizpromy/domains/api-alfidaanew.bizpro.my.id/public_html/passenger_wsgi.py", line 1, in <module>
App 1132449 output:     from wsgi import app as application
App 1132449 output:   File "/home/bizpromy/domains/api-alfidaanew.bizpro.my.id/public_html/wsgi.py", line 3, in <module>
App 1132449 output:     
App 1132449 output: app = create_app()
App 1132449 output:   File "/home/bizpromy/domains/api-alfidaanew.bizpro.my.id/public_html/app/__init__.py", line 48, in create_app
App 1132449 output:     
App 1132449 output: from .routes import program_section_routes
App 1132449 output:   File "/home/bizpromy/domains/api-alfidaanew.bizpro.my.id/public_html/app/routes/program_section_routes.py", line 2, in <module>
App 1132449 output:     
App 1132449 output: from app.models import program_section
App 1132449 output: ImportError: cannot import name 'program_section' from 'app.models' (/home/bizpromy/domains/api-alfidaanew.bizpro.my.id/public_html/app/models/__init__.py)
App 1132942 output: Traceback (most recent call last):
App 1132942 output:   File "/opt/passenger/src/helper-scripts/wsgi-loader.py", line 384, in <module>
App 1132942 output:     
App 1132942 output: app_module = load_app()
App 1132942 output:   File "/opt/passenger/src/helper-scripts/wsgi-loader.py", line 88, in load_app
App 1132942 output:     
App 1132942 output: spec.loader.exec_module(app_module)
App 1132942 output:   File "<frozen importlib._bootstrap_external>", line 850, in exec_module
App 1132942 output:   File "<frozen importlib._bootstrap>", line 228, in _call_with_frames_removed
App 1132942 output:   File "/home/bizpromy/domains/api-alfidaanew.bizpro.my.id/public_html/passenger_wsgi.py", line 1, in <module>
App 1132942 output:     
App 1132942 output: from wsgi import app as application
App 1132942 output:   File "/home/bizpromy/domains/api-alfidaanew.bizpro.my.id/public_html/wsgi.py", line 3, in <module>
App 1132942 output:     
App 1132942 output: app = create_app()
App 1132942 output:   File "/home/bizpromy/domains/api-alfidaanew.bizpro.my.id/public_html/app/__init__.py", line 48, in create_app
App 1132942 output:     
App 1132942 output: from .routes import program_section_routes
App 1132942 output:   File "/home/bizpromy/domains/api-alfidaanew.bizpro.my.id/public_html/app/routes/program_section_routes.py", line 2, in <module>
App 1132942 output:     
App 1132942 output: from app.models import program_section
App 1132942 output: ImportError: cannot import name 'program_section' from 'app.models' (/home/bizpromy/domains/api-alfidaanew.bizpro.my.id/public_html/app/models/__init__.py)
App 1136416 output: Traceback (most recent call last):
App 1136416 output:   File "/opt/passenger/src/helper-scripts/wsgi-loader.py", line 384, in <module>
App 1136416 output:     
App 1136416 output: app_module = load_app()
App 1136416 output:   File "/opt/passenger/src/helper-scripts/wsgi-loader.py", line 88, in load_app
App 1136416 output:     
App 1136416 output: spec.loader.exec_module(app_module)
App 1136416 output:   File "<frozen importlib._bootstrap_external>", line 850, in exec_module
App 1136416 output:   File "<frozen importlib._bootstrap>", line 228, in _call_with_frames_removed
App 1136416 output:   File "/home/bizpromy/domains/api-alfidaanew.bizpro.my.id/public_html/passenger_wsgi.py", line 1, in <module>
App 1136416 output:     
App 1136416 output: from wsgi import app as application
App 1136416 output:   File "/home/bizpromy/domains/api-alfidaanew.bizpro.my.id/public_html/wsgi.py", line 3, in <module>
App 1136416 output:     
App 1136416 output: app = create_app()
App 1136416 output:   File "/home/bizpromy/domains/api-alfidaanew.bizpro.my.id/public_html/app/__init__.py", line 51, in create_app
App 1136416 output:     from .routes import program_unggulan_routes
App 1136416 output: 
App 1136416 output:   File "/home/bizpromy/domains/api-alfidaanew.bizpro.my.id/public_html/app/routes/program_unggulan_routes.py", line 2, in <module>
App 1136416 output:     from app.models import program_unggulan
App 1136416 output: ImportError: cannot import name 'program_unggulan' from 'app.models' (/home/bizpromy/domains/api-alfidaanew.bizpro.my.id/public_html/app/models/__init__.py)
App 3929388 output: Traceback (most recent call last):
App 3929388 output:   File "/opt/passenger/src/helper-scripts/wsgi-loader.py", line 384, in <module>
App 3929388 output:     app_module = load_app()
App 3929388 output:   File "/opt/passenger/src/helper-scripts/wsgi-loader.py", line 88, in load_app
App 3929388 output:     spec.loader.exec_module(app_module)
App 3929388 output: 
App 3929388 output:   File "<frozen importlib._bootstrap_external>", line 850, in exec_module
App 3929388 output:   File "<frozen importlib._bootstrap>", line 228, in _call_with_frames_removed
App 3929388 output:   File "/home/bizpromy/domains/api-alfidaanew.bizpro.my.id/public_html/passenger_wsgi.py", line 1, in <module>
App 3929388 output:     from wsgi import app as application
App 3929388 output:   File "/home/bizpromy/domains/api-alfidaanew.bizpro.my.id/public_html/wsgi.py", line 3, in <module>
App 3929388 output:     
App 3929388 output: app = create_app()
App 3929388 output:   File "/home/bizpromy/domains/api-alfidaanew.bizpro.my.id/public_html/app/__init__.py", line 70, in create_app
App 3929388 output:     
App 3929388 output: app.register_blueprint(profil_yayasan_visi_bp, url_prefix="/api/profil-yayasan/visi")
App 3929388 output: NameError: name 'profil_yayasan_visi_bp' is not defined
App 3216896 output: Traceback (most recent call last):
App 3216896 output:   File "/opt/passenger/src/helper-scripts/wsgi-loader.py", line 384, in <module>
App 3216896 output:     app_module = load_app()
App 3216896 output:   File "/opt/passenger/src/helper-scripts/wsgi-loader.py", line 88, in load_app
App 3216896 output:     spec.loader.exec_module(app_module)
App 3216896 output:   File "<frozen importlib._bootstrap_external>", line 850, in exec_module
App 3216896 output:   File "<frozen importlib._bootstrap>", line 228, in _call_with_frames_removed
App 3216896 output:   File "/home/bizpromy/domains/api-alfidaanew.bizpro.my.id/public_html/passenger_wsgi.py", line 1, in <module>
App 3216896 output:     
App 3216896 output: from wsgi import app as application
App 3216896 output:   File "/home/bizpromy/domains/api-alfidaanew.bizpro.my.id/public_html/wsgi.py", line 1, in <module>
App 3216896 output:     
App 3216896 output: from app import create_app
App 3216896 output:   File "/home/bizpromy/domains/api-alfidaanew.bizpro.my.id/public_html/app/__init__.py", line 43
App 3216896 output:     from .routes import slider_routes
App 3216896 output: IndentationError: unexpected indent
App 3218513 output: Traceback (most recent call last):
App 3218513 output:   File "/opt/passenger/src/helper-scripts/wsgi-loader.py", line 384, in <module>
App 3218513 output:     
App 3218513 output: app_module = load_app()
App 3218513 output:   File "/opt/passenger/src/helper-scripts/wsgi-loader.py", line 88, in load_app
App 3218513 output:     
App 3218513 output: spec.loader.exec_module(app_module)
App 3218513 output:   File "<frozen importlib._bootstrap_external>", line 850, in exec_module
App 3218513 output:   File "<frozen importlib._bootstrap>", line 228, in _call_with_frames_removed
App 3218513 output:   File "/home/bizpromy/domains/api-alfidaanew.bizpro.my.id/public_html/passenger_wsgi.py", line 1, in <module>
App 3218513 output:     
App 3218513 output: from wsgi import app as application
App 3218513 output:   File "/home/bizpromy/domains/api-alfidaanew.bizpro.my.id/public_html/wsgi.py", line 1, in <module>
App 3218513 output:     from app import create_app
App 3218513 output:   File "/home/bizpromy/domains/api-alfidaanew.bizpro.my.id/public_html/app/__init__.py", line 43
App 3218513 output:     from .routes import slider_routes
App 3218513 output: IndentationError: unexpected indent
App 3218513 output: 
App 3221893 output: Traceback (most recent call last):
App 3221893 output:   File "/opt/passenger/src/helper-scripts/wsgi-loader.py", line 384, in <module>
App 3221893 output:     
App 3221893 output: app_module = load_app()
App 3221893 output:   File "/opt/passenger/src/helper-scripts/wsgi-loader.py", line 88, in load_app
App 3221893 output:     
App 3221893 output: spec.loader.exec_module(app_module)
App 3221893 output:   File "<frozen importlib._bootstrap_external>", line 850, in exec_module
App 3221893 output:   File "<frozen importlib._bootstrap>", line 228, in _call_with_frames_removed
App 3221893 output:   File "/home/bizpromy/domains/api-alfidaanew.bizpro.my.id/public_html/passenger_wsgi.py", line 1, in <module>
App 3221893 output:     
App 3221893 output: from wsgi import app as application
App 3221893 output:   File "/home/bizpromy/domains/api-alfidaanew.bizpro.my.id/public_html/wsgi.py", line 1, in <module>
App 3221893 output:     
App 3221893 output: from app import create_app
App 3221893 output:   File "/home/bizpromy/domains/api-alfidaanew.bizpro.my.id/public_html/app/__init__.py", line 43
App 3221893 output:     from .routes import slider_routes
App 3221893 output: IndentationError
App 3221893 output: : unexpected indent
App 3222597 output: Traceback (most recent call last):
App 3222597 output:   File "/opt/passenger/src/helper-scripts/wsgi-loader.py", line 384, in <module>
App 3222597 output:     app_module = load_app()
App 3222597 output: 
App 3222597 output:   File "/opt/passenger/src/helper-scripts/wsgi-loader.py", line 88, in load_app
App 3222597 output:     
App 3222597 output: spec.loader.exec_module(app_module)
App 3222597 output:   File "<frozen importlib._bootstrap_external>", line 850, in exec_module
App 3222597 output:   File "<frozen importlib._bootstrap>", line 228, in _call_with_frames_removed
App 3222597 output:   File "/home/bizpromy/domains/api-alfidaanew.bizpro.my.id/public_html/passenger_wsgi.py", line 1, in <module>
App 3222597 output:     from wsgi import app as application
App 3222597 output: 
App 3222597 output:   File "/home/bizpromy/domains/api-alfidaanew.bizpro.my.id/public_html/wsgi.py", line 1, in <module>
App 3222597 output:     from app import create_app
App 3222597 output:   File "/home/bizpromy/domains/api-alfidaanew.bizpro.my.id/public_html/app/__init__.py", line 43
App 3222597 output:     from .routes import slider_routes
App 3222597 output: IndentationError
App 3222597 output: : unexpected indent
App 3222713 output: Traceback (most recent call last):
App 3222713 output:   File "/opt/passenger/src/helper-scripts/wsgi-loader.py", line 384, in <module>
App 3222713 output:     
App 3222713 output: app_module = load_app()
App 3222713 output:   File "/opt/passenger/src/helper-scripts/wsgi-loader.py", line 88, in load_app
App 3222713 output:     
App 3222713 output: spec.loader.exec_module(app_module)
App 3222713 output:   File "<frozen importlib._bootstrap_external>", line 850, in exec_module
App 3222713 output:   File "<frozen importlib._bootstrap>", line 228, in _call_with_frames_removed
App 3222713 output:   File "/home/bizpromy/domains/api-alfidaanew.bizpro.my.id/public_html/passenger_wsgi.py", line 1, in <module>
App 3222713 output:     
App 3222713 output: from wsgi import app as application
App 3222713 output:   File "/home/bizpromy/domains/api-alfidaanew.bizpro.my.id/public_html/wsgi.py", line 1, in <module>
App 3222713 output:     from app import create_app
App 3222713 output:   File "/home/bizpromy/domains/api-alfidaanew.bizpro.my.id/public_html/app/__init__.py", line 43
App 3222713 output:     from .routes import slider_routes
App 3222713 output: IndentationError: unexpected indent
App 3223283 output: Traceback (most recent call last):
App 3223283 output:   File "/opt/passenger/src/helper-scripts/wsgi-loader.py", line 384, in <module>
App 3223283 output:     app_module = load_app()
App 3223283 output:   File "/opt/passenger/src/helper-scripts/wsgi-loader.py", line 88, in load_app
App 3223283 output:     spec.loader.exec_module(app_module)
App 3223283 output:   File "<frozen importlib._bootstrap_external>", line 850, in exec_module
App 3223283 output:   File "<frozen importlib._bootstrap>", line 228, in _call_with_frames_removed
App 3223283 output:   File "/home/bizpromy/domains/api-alfidaanew.bizpro.my.id/public_html/passenger_wsgi.py", line 1, in <module>
App 3223283 output:     from wsgi import app as application
App 3223283 output:   File "/home/bizpromy/domains/api-alfidaanew.bizpro.my.id/public_html/wsgi.py", line 1, in <module>
App 3223283 output:     from app import create_app
App 3223283 output:   File "/home/bizpromy/domains/api-alfidaanew.bizpro.my.id/public_html/app/__init__.py", line 43
App 3223283 output:     from .routes import slider_routes
App 3223283 output: IndentationError: unexpected indent
App 3233791 output: Traceback (most recent call last):
App 3233791 output:   File "/opt/passenger/src/helper-scripts/wsgi-loader.py", line 384, in <module>
App 3233791 output:     app_module = load_app()
App 3233791 output: 
App 3233791 output:   File "/opt/passenger/src/helper-scripts/wsgi-loader.py", line 88, in load_app
App 3233791 output:     spec.loader.exec_module(app_module)
App 3233791 output: 
App 3233791 output:   File "<frozen importlib._bootstrap_external>", line 850, in exec_module
App 3233791 output:   File "<frozen importlib._bootstrap>", line 228, in _call_with_frames_removed
App 3233791 output:   File "/home/bizpromy/domains/api-alfidaanew.bizpro.my.id/public_html/passenger_wsgi.py", line 1, in <module>
App 3233791 output:     
App 3233791 output: from wsgi import app as application
App 3233791 output:   File "/home/bizpromy/domains/api-alfidaanew.bizpro.my.id/public_html/wsgi.py", line 1, in <module>
App 3233791 output:     
App 3233791 output: from app import create_app
App 3233791 output:   File "/home/bizpromy/domains/api-alfidaanew.bizpro.my.id/public_html/app/__init__.py", line 43
App 3233791 output:     from .routes import slider_routes
App 3233791 output: IndentationError: 
App 3233791 output: unexpected indent
App 3234014 output: Traceback (most recent call last):
App 3234014 output:   File "/opt/passenger/src/helper-scripts/wsgi-loader.py", line 384, in <module>
App 3234014 output:     
App 3234014 output: app_module = load_app()
App 3234014 output:   File "/opt/passenger/src/helper-scripts/wsgi-loader.py", line 88, in load_app
App 3234014 output:     
App 3234014 output: spec.loader.exec_module(app_module)
App 3234014 output:   File "<frozen importlib._bootstrap_external>", line 850, in exec_module
App 3234014 output:   File "<frozen importlib._bootstrap>", line 228, in _call_with_frames_removed
App 3234014 output:   File "/home/bizpromy/domains/api-alfidaanew.bizpro.my.id/public_html/passenger_wsgi.py", line 1, in <module>
App 3234014 output:     
App 3234014 output: from wsgi import app as application
App 3234014 output:   File "/home/bizpromy/domains/api-alfidaanew.bizpro.my.id/public_html/wsgi.py", line 1, in <module>
App 3234014 output:     
App 3234014 output: from app import create_app
App 3234014 output:   File "/home/bizpromy/domains/api-alfidaanew.bizpro.my.id/public_html/app/__init__.py", line 43
App 3234014 output:     from .routes import slider_routes
App 3234014 output: IndentationError
App 3234014 output: : unexpected indent
App 3315165 output: Traceback (most recent call last):
App 3315165 output:   File "/opt/passenger/src/helper-scripts/wsgi-loader.py", line 384, in <module>
App 3315165 output:     
App 3315165 output: app_module = load_app()
App 3315165 output:   File "/opt/passenger/src/helper-scripts/wsgi-loader.py", line 88, in load_app
App 3315165 output:     
App 3315165 output: spec.loader.exec_module(app_module)
App 3315165 output:   File "<frozen importlib._bootstrap_external>", line 850, in exec_module
App 3315165 output:   File "<frozen importlib._bootstrap>", line 228, in _call_with_frames_removed
App 3315165 output:   File "/home/bizpromy/domains/api-alfidaanew.bizpro.my.id/public_html/passenger_wsgi.py", line 1, in <module>
App 3315165 output:     from wsgi import app as application
App 3315165 output: 
App 3315165 output:   File "/home/bizpromy/domains/api-alfidaanew.bizpro.my.id/public_html/wsgi.py", line 1, in <module>
App 3315165 output:     from app import create_app
App 3315165 output:   File "/home/bizpromy/domains/api-alfidaanew.bizpro.my.id/public_html/app/__init__.py", line 43
App 3315165 output:     from .routes import slider_routes
App 3315165 output: IndentationError
App 3315165 output: : unexpected indent
App 3316157 output: Traceback (most recent call last):
App 3316157 output:   File "/opt/passenger/src/helper-scripts/wsgi-loader.py", line 384, in <module>
App 3316157 output:     
App 3316157 output: app_module = load_app()
App 3316157 output:   File "/opt/passenger/src/helper-scripts/wsgi-loader.py", line 88, in load_app
App 3316157 output:     
App 3316157 output: spec.loader.exec_module(app_module)
App 3316157 output:   File "<frozen importlib._bootstrap_external>", line 850, in exec_module
App 3316157 output:   File "<frozen importlib._bootstrap>", line 228, in _call_with_frames_removed
App 3316157 output:   File "/home/bizpromy/domains/api-alfidaanew.bizpro.my.id/public_html/passenger_wsgi.py", line 1, in <module>
App 3316157 output:     
App 3316157 output: from wsgi import app as application
App 3316157 output:   File "/home/bizpromy/domains/api-alfidaanew.bizpro.my.id/public_html/wsgi.py", line 1, in <module>
App 3316157 output:     
App 3316157 output: from app import create_app
App 3316157 output:   File "/home/bizpromy/domains/api-alfidaanew.bizpro.my.id/public_html/app/__init__.py", line 43
App 3316157 output:     from .routes import slider_routes
App 3316157 output: IndentationError
App 3316157 output: : unexpected indent
App 3316454 output: Traceback (most recent call last):
App 3316454 output:   File "/opt/passenger/src/helper-scripts/wsgi-loader.py", line 384, in <module>
App 3316454 output:     
App 3316454 output: app_module = load_app()
App 3316454 output:   File "/opt/passenger/src/helper-scripts/wsgi-loader.py", line 88, in load_app
App 3316454 output:     
App 3316454 output: spec.loader.exec_module(app_module)
App 3316454 output:   File "<frozen importlib._bootstrap_external>", line 850, in exec_module
App 3316454 output:   File "<frozen importlib._bootstrap>", line 228, in _call_with_frames_removed
App 3316454 output:   File "/home/bizpromy/domains/api-alfidaanew.bizpro.my.id/public_html/passenger_wsgi.py", line 1, in <module>
App 3316454 output:     
App 3316454 output: from wsgi import app as application
App 3316454 output:   File "/home/bizpromy/domains/api-alfidaanew.bizpro.my.id/public_html/wsgi.py", line 1, in <module>
App 3316454 output:     
App 3316454 output: from app import create_app
App 3316454 output:   File "/home/bizpromy/domains/api-alfidaanew.bizpro.my.id/public_html/app/__init__.py", line 43
App 3316454 output:     from .routes import slider_routes
App 3316454 output: IndentationError
App 3316454 output: : unexpected indent
App 3322787 output: Traceback (most recent call last):
App 3322787 output:   File "/opt/passenger/src/helper-scripts/wsgi-loader.py", line 384, in <module>
App 3322787 output:     app_module = load_app()
App 3322787 output: 
App 3322787 output:   File "/opt/passenger/src/helper-scripts/wsgi-loader.py", line 88, in load_app
App 3322787 output:     
App 3322787 output: spec.loader.exec_module(app_module)
App 3322787 output:   File "<frozen importlib._bootstrap_external>", line 850, in exec_module
App 3322787 output:   File "<frozen importlib._bootstrap>", line 228, in _call_with_frames_removed
App 3322787 output:   File "/home/bizpromy/domains/api-alfidaanew.bizpro.my.id/public_html/passenger_wsgi.py", line 1, in <module>
App 3322787 output:     
App 3322787 output: from wsgi import app as application
App 3322787 output:   File "/home/bizpromy/domains/api-alfidaanew.bizpro.my.id/public_html/wsgi.py", line 1, in <module>
App 3322787 output:     from app import create_app
App 3322787 output:   File "/home/bizpromy/domains/api-alfidaanew.bizpro.my.id/public_html/app/__init__.py", line 43
App 3322787 output:     from .routes import slider_routes
App 3322787 output: IndentationError: 
App 3322787 output: unexpected indent
App 3326031 output: Traceback (most recent call last):
App 3326031 output:   File "/opt/passenger/src/helper-scripts/wsgi-loader.py", line 384, in <module>
App 3326031 output:     
App 3326031 output: app_module = load_app()
App 3326031 output:   File "/opt/passenger/src/helper-scripts/wsgi-loader.py", line 88, in load_app
App 3326031 output:     
App 3326031 output: spec.loader.exec_module(app_module)
App 3326031 output:   File "<frozen importlib._bootstrap_external>", line 850, in exec_module
App 3326031 output:   File "<frozen importlib._bootstrap>", line 228, in _call_with_frames_removed
App 3326031 output:   File "/home/bizpromy/domains/api-alfidaanew.bizpro.my.id/public_html/passenger_wsgi.py", line 1, in <module>
App 3326031 output:     
App 3326031 output: from wsgi import app as application
App 3326031 output:   File "/home/bizpromy/domains/api-alfidaanew.bizpro.my.id/public_html/wsgi.py", line 3, in <module>
App 3326031 output:     app = create_app()
App 3326031 output: 
App 3326031 output:   File "/home/bizpromy/domains/api-alfidaanew.bizpro.my.id/public_html/app/__init__.py", line 14, in create_app
App 3326031 output:     
App 3326031 output: app = Flask(_name_)
App 3326031 output: NameError: name '_name_' is not defined
App 3337654 output: Traceback (most recent call last):
App 3337654 output:   File "/opt/passenger/src/helper-scripts/wsgi-loader.py", line 384, in <module>
App 3337654 output:     
App 3337654 output: app_module = load_app()
App 3337654 output:   File "/opt/passenger/src/helper-scripts/wsgi-loader.py", line 88, in load_app
App 3337654 output:     spec.loader.exec_module(app_module)
App 3337654 output: 
App 3337654 output:   File "<frozen importlib._bootstrap_external>", line 850, in exec_module
App 3337654 output:   File "<frozen importlib._bootstrap>", line 228, in _call_with_frames_removed
App 3337654 output:   File "/home/bizpromy/domains/api-alfidaanew.bizpro.my.id/public_html/passenger_wsgi.py", line 1, in <module>
App 3337654 output:     
App 3337654 output: from wsgi import app as application
App 3337654 output:   File "/home/bizpromy/domains/api-alfidaanew.bizpro.my.id/public_html/wsgi.py", line 3, in <module>
App 3337654 output:     app = create_app()
App 3337654 output:   File "/home/bizpromy/domains/api-alfidaanew.bizpro.my.id/public_html/app/__init__.py", line 21, in create_app
App 3337654 output:     logger = logging.getLogger(_name_)
App 3337654 output: NameError: name '_name_' is not defined
App 3337654 output: 
App 3843330 output: Traceback (most recent call last):
App 3843330 output:   File "/opt/passenger/src/helper-scripts/wsgi-loader.py", line 384, in <module>
App 3843330 output:     app_module = load_app()
App 3843330 output:   File "/opt/passenger/src/helper-scripts/wsgi-loader.py", line 88, in load_app
App 3843330 output:     
App 3843330 output: spec.loader.exec_module(app_module)
App 3843330 output:   File "<frozen importlib._bootstrap_external>", line 850, in exec_module
App 3843330 output:   File "<frozen importlib._bootstrap>", line 228, in _call_with_frames_removed
App 3843330 output:   File "/home/bizpromy/domains/api-alfidaanew.bizpro.my.id/public_html/passenger_wsgi.py", line 1, in <module>
App 3843330 output:     from wsgi import app as application
App 3843330 output:   File "/home/bizpromy/domains/api-alfidaanew.bizpro.my.id/public_html/wsgi.py", line 3, in <module>
App 3843330 output:     app = create_app()
App 3843330 output:   File "/home/bizpromy/domains/api-alfidaanew.bizpro.my.id/public_html/app/__init__.py", line 119, in create_app
App 3843330 output:     app.register_blueprint(fasilitas_section_routes.bp, url_prefix="/api/fasilitas_section")
App 3843330 output: AttributeError: module 'app.routes.fasilitas_section_routes' has no attribute 'bp'
App 2594137 output: Traceback (most recent call last):
App 2594137 output:   File "/opt/passenger/src/helper-scripts/wsgi-loader.py", line 384, in <module>
App 2594137 output:     app_module = load_app()
App 2594137 output:   File "/opt/passenger/src/helper-scripts/wsgi-loader.py", line 88, in load_app
App 2594137 output:     spec.loader.exec_module(app_module)
App 2594137 output:   File "<frozen importlib._bootstrap_external>", line 850, in exec_module
App 2594137 output:   File "<frozen importlib._bootstrap>", line 228, in _call_with_frames_removed
App 2594137 output:   File "/home/bizpromy/domains/api-alfidaanew.bizpro.my.id/public_html/passenger_wsgi.py", line 1, in <module>
App 2594137 output:     from wsgi import app as application
App 2594137 output:   File "/home/bizpromy/domains/api-alfidaanew.bizpro.my.id/public_html/wsgi.py", line 3, in <module>
App 2594137 output:     
App 2594137 output: app = create_app()
App 2594137 output:   File "/home/bizpromy/domains/api-alfidaanew.bizpro.my.id/public_html/app/__init__.py", line 128, in create_app
App 2594137 output:     
App 2594137 output: app.register_blueprint(profil_yayasan_program_kerja_routes.bp, url_prefix="api/program-kerja")
App 2594137 output:   File "/home/bizpromy/virtualenv/domains/api-alfidaanew.bizpro.my.id/public_html/3.9/lib/python3.9/site-packages/flask/sansio/scaffold.py", line 47, in wrapper_func
App 2594137 output:     return f(self, *args, **kwargs)
App 2594137 output:   File "/home/bizpromy/virtualenv/domains/api-alfidaanew.bizpro.my.id/public_html/3.9/lib/python3.9/site-packages/flask/sansio/app.py", line 595, in register_blueprint
App 2594137 output:     blueprint.register(self, options)
App 2594137 output:   File "/home/bizpromy/virtualenv/domains/api-alfidaanew.bizpro.my.id/public_html/3.9/lib/python3.9/site-packages/flask/sansio/blueprints.py", line 335, in register
App 2594137 output:     
App 2594137 output: deferred(state)
App 2594137 output:   File "/home/bizpromy/virtualenv/domains/api-alfidaanew.bizpro.my.id/public_html/3.9/lib/python3.9/site-packages/flask/sansio/blueprints.py", line 434, in <lambda>
App 2594137 output:     
App 2594137 output: lambda s: s.add_url_rule(
App 2594137 output:   File "/home/bizpromy/virtualenv/domains/api-alfidaanew.bizpro.my.id/public_html/3.9/lib/python3.9/site-packages/flask/sansio/blueprints.py", line 110, in add_url_rule
App 2594137 output:     
App 2594137 output: self.app.add_url_rule(
App 2594137 output:   File "/home/bizpromy/virtualenv/domains/api-alfidaanew.bizpro.my.id/public_html/3.9/lib/python3.9/site-packages/flask/sansio/scaffold.py", line 47, in wrapper_func
App 2594137 output:     
App 2594137 output: return f(self, *args, **kwargs)
App 2594137 output:   File "/home/bizpromy/virtualenv/domains/api-alfidaanew.bizpro.my.id/public_html/3.9/lib/python3.9/site-packages/flask/sansio/app.py", line 650, in add_url_rule
App 2594137 output:     rule_obj = self.url_rule_class(rule, methods=methods, **options)
App 2594137 output:   File "/home/bizpromy/virtualenv/domains/api-alfidaanew.bizpro.my.id/public_html/3.9/lib/python3.9/site-packages/werkzeug/routing/rules.py", line 475, in __init__
App 2594137 output:     
App 2594137 output: raise ValueError(f"URL rule '{string}' must start with a slash.")
App 2594137 output: ValueError: URL rule 'api/program-kerja/' must start with a slash.
App 2675561 output: Traceback (most recent call last):
App 2675561 output:   File "/opt/passenger/src/helper-scripts/wsgi-loader.py", line 384, in <module>
App 2675561 output:     app_module = load_app()
App 2675561 output: 
App 2675561 output:   File "/opt/passenger/src/helper-scripts/wsgi-loader.py", line 88, in load_app
App 2675561 output:     spec.loader.exec_module(app_module)
App 2675561 output:   File "<frozen importlib._bootstrap_external>", line 850, in exec_module
App 2675561 output:   File "<frozen importlib._bootstrap>", line 228, in _call_with_frames_removed
App 2675561 output:   File "/home/bizpromy/domains/api-alfidaanew.bizpro.my.id/public_html/passenger_wsgi.py", line 1, in <module>
App 2675561 output:     
App 2675561 output: from wsgi import app as application
App 2675561 output:   File "/home/bizpromy/domains/api-alfidaanew.bizpro.my.id/public_html/wsgi.py", line 3, in <module>
App 2675561 output:     app = create_app()
App 2675561 output:   File "/home/bizpromy/domains/api-alfidaanew.bizpro.my.id/public_html/app/__init__.py", line 94, in create_app
App 2675561 output:     
App 2675561 output: from .routes import profil_yayasan_prestasi_item_routes
App 2675561 output:   File "/home/bizpromy/domains/api-alfidaanew.bizpro.my.id/public_html/app/routes/profil_yayasan_prestasi_item_routes.py", line 1
App 2675561 output:     em created successfully"), 201 except Exception as e: return error_response(str(e), 500) @bp.route("/<int:id>", methods=["PUT"]) def update_item(id): try: data = request.get_json() updated = profil_yayasan_prestasi_item_model.update_item(id, data) if updated: return success_response({}, "Item updated successfully") return error_response("Failed to update item", 400) except Exception as e: return error_response(str(e), 500) @bp.route("/<int:id>", methods=["DELETE"]) def delete_item(id): try: deleted = profil_yayasan_prestasi_item_model.delete_item(id) if deleted: return success_response({}, "Item deleted successfully") return error_response("Failed to delete item", 400) except Exception as e: return error_response(str(e), 500)
App 2675561 output:      
App 2675561 output:                                     ^
App 2675561 output: SyntaxError: invalid syntax
App 2675984 output: Traceback (most recent call last):
App 2675984 output:   File "/opt/passenger/src/helper-scripts/wsgi-loader.py", line 384, in <module>
App 2675984 output:     
App 2675984 output: app_module = load_app()
App 2675984 output:   File "/opt/passenger/src/helper-scripts/wsgi-loader.py", line 88, in load_app
App 2675984 output:     
App 2675984 output: spec.loader.exec_module(app_module)
App 2675984 output:   File "<frozen importlib._bootstrap_external>", line 850, in exec_module
App 2675984 output:   File "<frozen importlib._bootstrap>", line 228, in _call_with_frames_removed
App 2675984 output:   File "/home/bizpromy/domains/api-alfidaanew.bizpro.my.id/public_html/passenger_wsgi.py", line 1, in <module>
App 2675984 output:     
App 2675984 output: from wsgi import app as application
App 2675984 output:   File "/home/bizpromy/domains/api-alfidaanew.bizpro.my.id/public_html/wsgi.py", line 3, in <module>
App 2675984 output:     
App 2675984 output: app = create_app()
App 2675984 output:   File "/home/bizpromy/domains/api-alfidaanew.bizpro.my.id/public_html/app/__init__.py", line 94, in create_app
App 2675984 output:     
App 2675984 output: from .routes import profil_yayasan_prestasi_item_routes
App 2675984 output:   File "/home/bizpromy/domains/api-alfidaanew.bizpro.my.id/public_html/app/routes/profil_yayasan_prestasi_item_routes.py", line 1
App 2675984 output:     em created successfully"), 201 except Exception as e: return error_response(str(e), 500) @bp.route("/<int:id>", methods=["PUT"]) def update_item(id): try: data = request.get_json() updated = profil_yayasan_prestasi_item_model.update_item(id, data) if updated: return success_response({}, "Item updated successfully") return error_response("Failed to update item", 400) except Exception as e: return error_response(str(e), 500) @bp.route("/<int:id>", methods=["DELETE"]) def delete_item(id): try: deleted = profil_yayasan_prestasi_item_model.delete_item(id) if deleted: return success_response({}, "Item deleted successfully") return error_response("Failed to delete item", 400) except Exception as e: return error_response(str(e), 500)
App 2675984 output:     
App 2675984 output:                                      ^
App 2675984 output: SyntaxError: invalid syntax
App 4067062 output: Traceback (most recent call last):
App 4067062 output:   File "/opt/passenger/src/helper-scripts/wsgi-loader.py", line 384, in <module>
App 4067062 output:     app_module = load_app()
App 4067062 output:   File "/opt/passenger/src/helper-scripts/wsgi-loader.py", line 88, in load_app
App 4067062 output:     spec.loader.exec_module(app_module)
App 4067062 output:   File "<frozen importlib._bootstrap_external>", line 850, in exec_module
App 4067062 output:   File "<frozen importlib._bootstrap>", line 228, in _call_with_frames_removed
App 4067062 output:   File "/home/bizpromy/domains/api-alfidaanew.bizpro.my.id/public_html/passenger_wsgi.py", line 1, in <module>
App 4067062 output:     from wsgi import app as application
App 4067062 output: 
App 4067062 output:   File "/home/bizpromy/domains/api-alfidaanew.bizpro.my.id/public_html/wsgi.py", line 3, in <module>
App 4067062 output:     
App 4067062 output: app = create_app()
App 4067062 output:   File "/home/bizpromy/domains/api-alfidaanew.bizpro.my.id/public_html/app/__init__.py", line 143, in create_app
App 4067062 output:     
App 4067062 output: app.register_blueprint(banner_sdit_routes.bp, url_prefix="/api/banner_sdit")
App 4067062 output: AttributeError: module 'app.routes.banner_sdit_routes' has no attribute 'bp'
App 4071567 output: Traceback (most recent call last):
App 4071567 output:   File "/opt/passenger/src/helper-scripts/wsgi-loader.py", line 384, in <module>
App 4071567 output:     app_module = load_app()
App 4071567 output: 
App 4071567 output:   File "/opt/passenger/src/helper-scripts/wsgi-loader.py", line 88, in load_app
App 4071567 output:     spec.loader.exec_module(app_module)
App 4071567 output: 
App 4071567 output:   File "<frozen importlib._bootstrap_external>", line 850, in exec_module
App 4071567 output:   File "<frozen importlib._bootstrap>", line 228, in _call_with_frames_removed
App 4071567 output:   File "/home/bizpromy/domains/api-alfidaanew.bizpro.my.id/public_html/passenger_wsgi.py", line 1, in <module>
App 4071567 output:     from wsgi import app as application
App 4071567 output: 
App 4071567 output:   File "/home/bizpromy/domains/api-alfidaanew.bizpro.my.id/public_html/wsgi.py", line 3, in <module>
App 4071567 output:     app = create_app()
App 4071567 output:   File "/home/bizpromy/domains/api-alfidaanew.bizpro.my.id/public_html/app/__init__.py", line 143, in create_app
App 4071567 output:     
App 4071567 output: app.register_blueprint(banner_sdit_routes.bp, url_prefix="/api/banner_sdit")
App 4071567 output: AttributeError: module 'app.routes.banner_sdit_routes' has no attribute 'bp'
App 4051924 output: Traceback (most recent call last):
App 4051924 output:   File "/opt/passenger/src/helper-scripts/wsgi-loader.py", line 384, in <module>
App 4051924 output:     app_module = load_app()
App 4051924 output:   File "/opt/passenger/src/helper-scripts/wsgi-loader.py", line 88, in load_app
App 4051924 output:     spec.loader.exec_module(app_module)
App 4051924 output:   File "<frozen importlib._bootstrap_external>", line 850, in exec_module
App 4051924 output:   File "<frozen importlib._bootstrap>", line 228, in _call_with_frames_removed
App 4051924 output:   File "/home/bizpromy/domains/api-alfidaanew.bizpro.my.id/public_html/passenger_wsgi.py", line 1, in <module>
App 4051924 output:     
App 4051924 output: from wsgi import app as application
App 4051924 output:   File "/home/bizpromy/domains/api-alfidaanew.bizpro.my.id/public_html/wsgi.py", line 3, in <module>
App 4051924 output:     
App 4051924 output: app = create_app()
App 4051924 output:   File "/home/bizpromy/domains/api-alfidaanew.bizpro.my.id/public_html/app/__init__.py", line 163, in create_app
App 4051924 output:     from .routes import visi_misi_tujuan_tkit2_routes
App 4051924 output: 
App 4051924 output: ImportError: 
App 4051924 output: cannot import name 'visi_misi_tujuan_tkit2_routes' from 'app.routes' (/home/bizpromy/domains/api-alfidaanew.bizpro.my.id/public_html/app/routes/__init__.py)
App 4052168 output: Traceback (most recent call last):
App 4052168 output:   File "/opt/passenger/src/helper-scripts/wsgi-loader.py", line 384, in <module>
App 4052168 output:     
App 4052168 output: app_module = load_app()
App 4052168 output:   File "/opt/passenger/src/helper-scripts/wsgi-loader.py", line 88, in load_app
App 4052168 output:     
App 4052168 output: spec.loader.exec_module(app_module)
App 4052168 output:   File "<frozen importlib._bootstrap_external>", line 850, in exec_module
App 4052168 output:   File "<frozen importlib._bootstrap>", line 228, in _call_with_frames_removed
App 4052168 output:   File "/home/bizpromy/domains/api-alfidaanew.bizpro.my.id/public_html/passenger_wsgi.py", line 1, in <module>
App 4052168 output:     
App 4052168 output: from wsgi import app as application
App 4052168 output:   File "/home/bizpromy/domains/api-alfidaanew.bizpro.my.id/public_html/wsgi.py", line 3, in <module>
App 4052168 output:     
App 4052168 output: app = create_app()
App 4052168 output:   File "/home/bizpromy/domains/api-alfidaanew.bizpro.my.id/public_html/app/__init__.py", line 163, in create_app
App 4052168 output:     
App 4052168 output: from .routes import visi_misi_tujuan_tkit2_routes
App 4052168 output: ImportError: cannot import name 'visi_misi_tujuan_tkit2_routes' from 'app.routes' (/home/bizpromy/domains/api-alfidaanew.bizpro.my.id/public_html/app/routes/__init__.py)
App 4052363 output: Traceback (most recent call last):
App 4052363 output:   File "/opt/passenger/src/helper-scripts/wsgi-loader.py", line 384, in <module>
App 4052363 output:     
App 4052363 output: app_module = load_app()
App 4052363 output:   File "/opt/passenger/src/helper-scripts/wsgi-loader.py", line 88, in load_app
App 4052363 output:     
App 4052363 output: spec.loader.exec_module(app_module)
App 4052363 output:   File "<frozen importlib._bootstrap_external>", line 850, in exec_module
App 4052363 output:   File "<frozen importlib._bootstrap>", line 228, in _call_with_frames_removed
App 4052363 output:   File "/home/bizpromy/domains/api-alfidaanew.bizpro.my.id/public_html/passenger_wsgi.py", line 1, in <module>
App 4052363 output:     
App 4052363 output: from wsgi import app as application
App 4052363 output:   File "/home/bizpromy/domains/api-alfidaanew.bizpro.my.id/public_html/wsgi.py", line 3, in <module>
App 4052363 output:     
App 4052363 output: app = create_app()
App 4052363 output:   File "/home/bizpromy/domains/api-alfidaanew.bizpro.my.id/public_html/app/__init__.py", line 163, in create_app
App 4052363 output:     
App 4052363 output: from .routes import visi_misi_tujuan_tkit2_routes
App 4052363 output: ImportError: cannot import name 'visi_misi_tujuan_tkit2_routes' from 'app.routes' (/home/bizpromy/domains/api-alfidaanew.bizpro.my.id/public_html/app/routes/__init__.py)
App 4058574 output: Traceback (most recent call last):
App 4058574 output:   File "/opt/passenger/src/helper-scripts/wsgi-loader.py", line 384, in <module>
App 4058574 output:     
App 4058574 output: app_module = load_app()
App 4058574 output:   File "/opt/passenger/src/helper-scripts/wsgi-loader.py", line 88, in load_app
App 4058574 output:     
App 4058574 output: spec.loader.exec_module(app_module)
App 4058574 output:   File "<frozen importlib._bootstrap_external>", line 850, in exec_module
App 4058574 output:   File "<frozen importlib._bootstrap>", line 228, in _call_with_frames_removed
App 4058574 output:   File "/home/bizpromy/domains/api-alfidaanew.bizpro.my.id/public_html/passenger_wsgi.py", line 1, in <module>
App 4058574 output:     
App 4058574 output: from wsgi import app as application
App 4058574 output:   File "/home/bizpromy/domains/api-alfidaanew.bizpro.my.id/public_html/wsgi.py", line 3, in <module>
App 4058574 output:     app = create_app()
App 4058574 output: 
App 4058574 output:   File "/home/bizpromy/domains/api-alfidaanew.bizpro.my.id/public_html/app/__init__.py", line 163, in create_app
App 4058574 output:     
App 4058574 output: from .routes import visi_misi_sasaran_tkit2_routes
App 4058574 output: ImportError: cannot import name 'visi_misi_sasaran_tkit2_routes' from 'app.routes' (/home/bizpromy/domains/api-alfidaanew.bizpro.my.id/public_html/app/routes/__init__.py)
App 4058764 output: Traceback (most recent call last):
App 4058764 output:   File "/opt/passenger/src/helper-scripts/wsgi-loader.py", line 384, in <module>
App 4058764 output:     
App 4058764 output: app_module = load_app()
App 4058764 output:   File "/opt/passenger/src/helper-scripts/wsgi-loader.py", line 88, in load_app
App 4058764 output:     
App 4058764 output: spec.loader.exec_module(app_module)
App 4058764 output:   File "<frozen importlib._bootstrap_external>", line 850, in exec_module
App 4058764 output:   File "<frozen importlib._bootstrap>", line 228, in _call_with_frames_removed
App 4058764 output:   File "/home/bizpromy/domains/api-alfidaanew.bizpro.my.id/public_html/passenger_wsgi.py", line 1, in <module>
App 4058764 output:     
App 4058764 output: from wsgi import app as application
App 4058764 output:   File "/home/bizpromy/domains/api-alfidaanew.bizpro.my.id/public_html/wsgi.py", line 3, in <module>
App 4058764 output:     app = create_app()
App 4058764 output: 
App 4058764 output:   File "/home/bizpromy/domains/api-alfidaanew.bizpro.my.id/public_html/app/__init__.py", line 163, in create_app
App 4058764 output:     
App 4058764 output: from .routes import visi_misi_sasaran_tkit2_routes
App 4058764 output: ImportError: cannot import name 'visi_misi_sasaran_tkit2_routes' from 'app.routes' (/home/bizpromy/domains/api-alfidaanew.bizpro.my.id/public_html/app/routes/__init__.py)
App 4101250 output: Traceback (most recent call last):
App 4101250 output:   File "/opt/passenger/src/helper-scripts/wsgi-loader.py", line 384, in <module>
App 4101250 output:     
App 4101250 output: app_module = load_app()
App 4101250 output:   File "/opt/passenger/src/helper-scripts/wsgi-loader.py", line 88, in load_app
App 4101250 output:     
App 4101250 output: spec.loader.exec_module(app_module)
App 4101250 output:   File "<frozen importlib._bootstrap_external>", line 850, in exec_module
App 4101250 output:   File "<frozen importlib._bootstrap>", line 228, in _call_with_frames_removed
App 4101250 output:   File "/home/bizpromy/domains/api-alfidaanew.bizpro.my.id/public_html/passenger_wsgi.py", line 1, in <module>
App 4101250 output:     
App 4101250 output: from wsgi import app as application
App 4101250 output:   File "/home/bizpromy/domains/api-alfidaanew.bizpro.my.id/public_html/wsgi.py", line 3, in <module>
App 4101250 output:     
App 4101250 output: app = create_app()
App 4101250 output:   File "/home/bizpromy/domains/api-alfidaanew.bizpro.my.id/public_html/app/__init__.py", line 163, in create_app
App 4101250 output:     
App 4101250 output: from .routes import visi_misi_sasaran_tkit2_routes
App 4101250 output: ImportError: cannot import name 'visi_misi_sasaran_tkit2_routes' from 'app.routes' (/home/bizpromy/domains/api-alfidaanew.bizpro.my.id/public_html/app/routes/__init__.py)
App 4101601 output: Traceback (most recent call last):
App 4101601 output:   File "/opt/passenger/src/helper-scripts/wsgi-loader.py", line 384, in <module>
App 4101601 output:     app_module = load_app()
App 4101601 output:   File "/opt/passenger/src/helper-scripts/wsgi-loader.py", line 88, in load_app
App 4101601 output:     spec.loader.exec_module(app_module)
App 4101601 output: 
App 4101601 output:   File "<frozen importlib._bootstrap_external>", line 850, in exec_module
App 4101601 output:   File "<frozen importlib._bootstrap>", line 228, in _call_with_frames_removed
App 4101601 output:   File "/home/bizpromy/domains/api-alfidaanew.bizpro.my.id/public_html/passenger_wsgi.py", line 1, in <module>
App 4101601 output:     from wsgi import app as application
App 4101601 output: 
App 4101601 output:   File "/home/bizpromy/domains/api-alfidaanew.bizpro.my.id/public_html/wsgi.py", line 3, in <module>
App 4101601 output:     app = create_app()
App 4101601 output:   File "/home/bizpromy/domains/api-alfidaanew.bizpro.my.id/public_html/app/__init__.py", line 163, in create_app
App 4101601 output:     from .routes import visi_misi_sasaran_tkit2_routes
App 4101601 output: ImportError: cannot import name 'visi_misi_sasaran_tkit2_routes' from 'app.routes' (/home/bizpromy/domains/api-alfidaanew.bizpro.my.id/public_html/app/routes/__init__.py)
App 4105221 output: Traceback (most recent call last):
App 4105221 output:   File "/opt/passenger/src/helper-scripts/wsgi-loader.py", line 384, in <module>
App 4105221 output:     app_module = load_app()
App 4105221 output:   File "/opt/passenger/src/helper-scripts/wsgi-loader.py", line 88, in load_app
App 4105221 output:     spec.loader.exec_module(app_module)
App 4105221 output:   File "<frozen importlib._bootstrap_external>", line 850, in exec_module
App 4105221 output:   File "<frozen importlib._bootstrap>", line 228, in _call_with_frames_removed
App 4105221 output:   File "/home/bizpromy/domains/api-alfidaanew.bizpro.my.id/public_html/passenger_wsgi.py", line 1, in <module>
App 4105221 output:     from wsgi import app as application
App 4105221 output:   File "/home/bizpromy/domains/api-alfidaanew.bizpro.my.id/public_html/wsgi.py", line 3, in <module>
App 4105221 output:     
App 4105221 output: app = create_app()
App 4105221 output:   File "/home/bizpromy/domains/api-alfidaanew.bizpro.my.id/public_html/app/__init__.py", line 163, in create_app
App 4105221 output:     from .routes import visi_misi_sasaran_tkit_2_routes
App 4105221 output: 
App 4105221 output:   File "/home/bizpromy/domains/api-alfidaanew.bizpro.my.id/public_html/app/routes/visi_misi_sasaran_tkit_2_routes.py", line 2, in <module>
App 4105221 output:     from app.models import visi_misi_sasaran_tkit2_model
App 4105221 output: 
App 4105221 output: ImportError: cannot import name 'visi_misi_sasaran_tkit2_model' from 'app.models' (/home/bizpromy/domains/api-alfidaanew.bizpro.my.id/public_html/app/models/__init__.py)
App 4106595 output: Traceback (most recent call last):
App 4106595 output:   File "/opt/passenger/src/helper-scripts/wsgi-loader.py", line 384, in <module>
App 4106595 output:     app_module = load_app()
App 4106595 output:   File "/opt/passenger/src/helper-scripts/wsgi-loader.py", line 88, in load_app
App 4106595 output:     spec.loader.exec_module(app_module)
App 4106595 output: 
App 4106595 output:   File "<frozen importlib._bootstrap_external>", line 850, in exec_module
App 4106595 output:   File "<frozen importlib._bootstrap>", line 228, in _call_with_frames_removed
App 4106595 output:   File "/home/bizpromy/domains/api-alfidaanew.bizpro.my.id/public_html/passenger_wsgi.py", line 1, in <module>
App 4106595 output:     
App 4106595 output: from wsgi import app as application
App 4106595 output:   File "/home/bizpromy/domains/api-alfidaanew.bizpro.my.id/public_html/wsgi.py", line 3, in <module>
App 4106595 output:     
App 4106595 output: app = create_app()
App 4106595 output:   File "/home/bizpromy/domains/api-alfidaanew.bizpro.my.id/public_html/app/__init__.py", line 163, in create_app
App 4106595 output:     
App 4106595 output: from .routes import visi_misi_sasaran_tkit_2_routes
App 4106595 output:   File "/home/bizpromy/domains/api-alfidaanew.bizpro.my.id/public_html/app/routes/visi_misi_sasaran_tkit_2_routes.py", line 2, in <module>
App 4106595 output:     from app.models import visi_misi_sasaran_tkit2_model
App 4106595 output: ImportError: cannot import name 'visi_misi_sasaran_tkit2_model' from 'app.models' (/home/bizpromy/domains/api-alfidaanew.bizpro.my.id/public_html/app/models/__init__.py)
App 1295498 output: Traceback (most recent call last):
App 1295498 output:   File "/opt/passenger/src/helper-scripts/wsgi-loader.py", line 384, in <module>
App 1295498 output:     app_module = load_app()
App 1295498 output:   File "/opt/passenger/src/helper-scripts/wsgi-loader.py", line 88, in load_app
App 1295498 output:     spec.loader.exec_module(app_module)
App 1295498 output:   File "<frozen importlib._bootstrap_external>", line 850, in exec_module
App 1295498 output:   File "<frozen importlib._bootstrap>", line 228, in _call_with_frames_removed
App 1295498 output:   File "/home/bizpromy/domains/api-alfidaanew.bizpro.my.id/public_html/passenger_wsgi.py", line 1, in <module>
App 1295498 output:     from wsgi import app as application
App 1295498 output: 
App 1295498 output:   File "/home/bizpromy/domains/api-alfidaanew.bizpro.my.id/public_html/wsgi.py", line 3, in <module>
App 1295498 output:     app = create_app()
App 1295498 output: 
App 1295498 output:   File "/home/bizpromy/domains/api-alfidaanew.bizpro.my.id/public_html/app/__init__.py", line 181, in create_app
App 1295498 output:     
App 1295498 output: from .routes import program_unggulan_sdit
App 1295498 output: ImportError: cannot import name 'program_unggulan_sdit' from 'app.routes' (/home/bizpromy/domains/api-alfidaanew.bizpro.my.id/public_html/app/routes/__init__.py)
App 72513 output: [ pid=72513, time=2026-01-27 08:19:00,814 ]: Upload error: 413 Request Entity Too Large: The data value transmitted exceeds the capacity limit.
App 75248 output: [ pid=75248, time=2026-01-27 08:20:00,439 ]: Upload error: 413 Request Entity Too Large: The data value transmitted exceeds the capacity limit.
App 949562 output: [ pid=949562, time=2026-01-27 12:52:52,277 ]: Upload error: 413 Request Entity Too Large: The data value transmitted exceeds the capacity limit.
App 1300670 output: [ pid=1300670, time=2026-01-27 14:37:18,567 ]: Upload error: 413 Request Entity Too Large: The data value transmitted exceeds the capacity limit.
App 1311563 output: [ pid=1311563, time=2026-01-27 14:40:10,297 ]: Upload error: 413 Request Entity Too Large: The data value transmitted exceeds the capacity limit.
App 468215 output: [ pid=468215, time=2026-01-30 09:53:00,035 ]: Upload error: 413 Request Entity Too Large: The data value transmitted exceeds the capacity limit.
App 474552 output: [ pid=474552, time=2026-01-30 09:54:30,987 ]: Upload error: 413 Request Entity Too Large: The data value transmitted exceeds the capacity limit.
App 478043 output: [ pid=478043, time=2026-01-30 09:55:40,278 ]: Upload error: 413 Request Entity Too Large: The data value transmitted exceeds the capacity limit.
App 256229 output: [ pid=256229, time=2026-02-13 15:03:29,545 ]: Upload error: 413 Request Entity Too Large: The data value transmitted exceeds the capacity limit.
App 256229 output: [ pid=256229, time=2026-02-13 15:03:42,455 ]: Upload error: 413 Request Entity Too Large: The data value transmitted exceeds the capacity limit.
App 53250 output: [ pid=53250, time=2026-04-01 09:49:30,611 ]: Upload error: 413 Request Entity Too Large: The data value transmitted exceeds the capacity limit.
App 298506 output: [ pid=298506, time=2026-04-01 11:15:01,021 ]: Upload error: 413 Request Entity Too Large: The data value transmitted exceeds the capacity limit.
